{"input_size": 11, "hidden_size": 16, "output_size": 4, "weights": [-6.383116649627235, 1.9222710453375411, 2.3447195747551697, -2.163339610958617, 3.8111115319926365, -0.5923136356399183, -0.9522978333218092, -2.785029014588491, 3.5068784113904368, -5.052973707877454, -0.15985356225818262, 0.6860002104112419, 0.7325300167021384, 0.0983289326794081, 0.8069897221672716, -5.506504356937305, 1.2221651264330249, 0.241675117602362, 2.039809838107862, -0.0030406398984854643, 2.2040375689911462, 3.2259499794463693, -3.1670018862129967, 2.077060040331374, -0.1376866879672511, 0.6489345967272862, 1.3134463509627765, -0.8932334637644629, -3.677903716485845, 0.9678735810884107, 2.1014040064514217, -1.3217866435671513, -0.2669123085943317, -0.333778396605936, -2.2129561301724205, 2.6289736639595485, -0.9437402058956355, 1.4451992351336596, -1.6264025068278123, 2.3718084742404666, -0.9041539447432099, 0.3225593224507618, 3.2936126044641325, 6.03405556744584, -3.4907080705145987, 4.7921512401484785, -2.2857091245380086, 2.120965625338148, -4.906157802320284, -0.7343168328573657, 0.4383240366357639, -0.25782247250418505, -4.788042950184171, 0.9263138861066981, 1.106472710263866, 4.404855922116098, -0.035462003661381636, -3.1654429357595224, 3.727027496136516, 1.5112083154647247, -0.3797962775391563, 4.253420479725503, 1.007217234002251, -0.3537290664413237, 8.659821799583963, -3.7299481922026163, 6.819406072500422, -0.7278873691923397, -0.3962729149118596, 2.762781804601498, 0.1805174081266458, 2.436224782705402, -2.386778618957621, -2.4969637053869143, 2.5059218709292637, 2.5765862586858836, 3.047016310168302, 0.16251541888859058, 0.1738551120264772, 3.5260506913048193, 2.6461353056245622, -2.964993680096091, -3.5624789462819866, 0.629903724268562, -3.2248631574594655, 4.937848231982807, -1.07021554482138, -2.4925915106255543, -4.765662997865168, 5.341036931632647, 1.894694736935394, 1.4099863388692921, -2.4919271717915255, 2.9577569656459985, 1.4516548271881848, 2.911199951312779, 1.5623650664357793, -4.585512205540375, 2.2797807864609663, 0.7161233939614597, -0.3524362345741492, -0.07540930010801895, -0.18628017600404612, 2.860965840282866, 6.793242467181965, 3.6867453183694296, 0.7260917432218231, 0.7493859631866786, 0.5979386261119815, 3.438950154789802, -2.940312053182359, 1.1365085638214385, -2.140894090054138, 3.375044158139697, -3.6003107182542124, 4.366487182246395, -1.1898563987578754, -1.5251140114118764, 0.06881065264708161, 5.065370825459358, 0.6607670741139556, 3.3094997818014362, -2.7370025459190424, 3.0941963685641056, -4.775187407035571, -2.2233092486358434, 3.00201872164504, -2.8851739492572497, -1.7533348595512297, -4.899606777335322, -2.237141845506942, 0.9369726969183979, 1.5057614221274864, -2.2072722633764403, 1.203378416980612, -2.6084202476141534, 1.402050126168966, 0.3131342044718811, -1.0582751493481932, 1.3360158726305165, 4.5984567564742855, 1.1792210764499904, -2.064884630494096, 2.0622897443242914, -0.6083477202638652, 1.7669580084582532, 0.21405521899557944, -5.724990216492848, -1.7372381615997923, 0.9604146537956667, -1.322984563012914, -2.020597565207805, 1.4258050958383486, -0.3031817241472575, 3.2838257166935434, 3.7061030171301037, -1.535538495547661, -1.1688839774064603, -0.21699637399893656, -0.24345167272759832, -0.2302421575097241, -0.1851283317324644, -1.4418166705849043, 2.3358091506587697, -4.889793251867299, -2.5747960374658945, -2.5339492694537387, 2.212986705288675, 0.8920821785778169, 1.4978695565087254, 1.1136688956631133, -1.034781837651563, 5.554778302396384, 4.8293065507338255, 3.569107847843488, -0.7246358730623039, 3.5637436732813654, 2.9741283536981515, 1.0545876178321203, 0.03952525209521389, -1.4643788323536806, 0.4741358060624289, -1.0262908944398434, -3.323833577461669, -1.5743671263307342, 4.514793448449189, 3.2617361955437603, -0.23760616236935883, -0.8223121123546303, 0.40409476948331957, -2.9801055087282147, 1.6544906289870587, -4.096743961867323, -4.891680042130565, 4.457076290900272, 5.258731932479536, 3.932439345548042, -2.0247409503141514, 6.945073149085552, -2.6849107847243143, -3.053766325344212, -0.6916409623289455, -0.8904443072865554, 1.0870176622942906, 1.790510424499114, 0.3042801887508605, 0.10609470252658407, 2.9114399558047017, 0.13659469129871868, 3.5075783642049307, 0.5307764687259429, -0.7952133914399782, 1.4957151730917024, 3.141310475876942, 0.864483984443806, 0.0029549370009458453, 4.606852494125014, 0.5586862357899788, 3.410339465938597, -1.6180552282956997, -1.2931302561330669, 0.3087706234303017, -2.4470326525718074, 1.2852237616830835, -2.378750550078154, -1.4460902984086794, -2.954028056846261, 3.141482780506951, 3.567822437591092, 5.3145022494165115, -5.357212764761117, -4.302935842159026, 0.8718166353488044, 0.7038732089485527, -3.5973578642030932, 2.5190574378740163, -4.337265079757681, -0.1972483258108057, 0.6414113880934076, -0.5882386647268832, -2.983715863701283, 3.455493054604375, -4.071653740806655, 0.9676124529075245, -5.396546706477025, -1.2272810525024873, -4.793075643001488, 1.4432014943251128, -1.6093103427923328, -2.548678843941887, -1.7712480902885528, -0.3904310994536292, -6.60298012507691, 1.983597348639458, 1.4285131752901017, 2.4242487100964007, -0.813106841890373, 0.010559640449862906, 5.064534072089819, -0.03117805439846838]}