{"input_size": 11, "hidden_size": 16, "output_size": 4, "weights": [-0.1652827367763523, 0.6967496542462617, 0.6854036589662198, 0.4717459279062151, 0.4950625530126162, 0.8359304548172387, 1.8299010269657736, 0.18300776006844865, 1.243239387028965, 0.9032429008687031, 1.5936628372176704, -0.0660990761868463, -0.26817328256867284, 0.1514814490870288, -0.24526744744417078, 0.252095801658924, 0.2960242308006419, -0.6141767840991559, 0.01052017826173901, 0.6525194706165078, 0.48200939510892127, 0.6606499636529022, 1.8957329631238669, -0.4867357775548782, 0.894574069909592, -0.3448723149594663, -0.03553052564136172, -0.07778813264494891, 0.606577148648084, -0.6369450138089212, -0.08075520669265861, -0.3653375870587666, -0.2851284580608938, -0.25005344308165245, 1.082729502316404, -1.0135059569949598, -0.581200826100795, -0.01666012820681212, -1.3261633355523097, -0.2788814335889514, -0.5336551093631617, 0.009088592493714909, -0.31433746782091704, 0.4237066922899482, -0.5273674873127653, -0.21292914017204873, 1.0366152159817792, 0.6499017831891183, -0.7834323968730823, 0.29965139717989914, -0.5232058232039575, 0.1164291272571395, 0.5893666978552266, 0.7721681231165478, -0.548162695080367, 0.18771026678963726, -0.214262065445919, -0.24506990276101692, -1.647895144476762, 0.35878330340440234, -0.15348029945882502, 1.352403697015537, -0.5774471911317653, 1.0885414282110144, -1.1038301076777364, 0.7534628060912442, 0.7321252050802745, 1.3012549472928883, -0.3518797181922555, -0.7699244302009108, 0.3040921370420522, -0.0739295202093942, -0.11069831106984171, -0.15533720993757594, 0.3293636988138984, -0.3974573660625757, -0.5901609388823174, -0.06365116269540745, -0.010469573506154184, -0.17840117858317012, -0.11732525113587967, -0.3819964728547532, 0.2510553508895031, 0.9230996317673216, 0.08278303752719529, 0.1475459577911618, 0.4465153977723997, 0.8403864180089702, -0.2591427620167611, 0.7879941007315698, 0.3475458981668197, -1.2278313229195952, 0.3353959293030128, 1.0297722631709259, 0.1168334859325934, -0.4028386224685524, 0.17632462806404853, -0.20935653584379366, -0.12008886428208027, -0.03226255078117407, 0.006409897548455714, -1.9841888866340829, 0.5234335799028591, 1.45135447954453, -1.57642801588424, -0.7772103724025126, -0.8121479791868343, 0.10166773644962976, -0.21981155925824153, -0.29861541898717725, -0.39554269182363133, 0.780953507016806, 0.34050700956426916, -1.1445650477731708, -0.7126265165094274, 0.3311891537400097, 0.17300450448844415, 0.09464404171352606, 0.6609568216628852, -0.051715314154834546, 0.003727595785626134, 0.11135883438400818, 1.6900322191068318, 0.09402791102106056, -0.08598517408301287, 1.1390993708835553, 1.481811867904833, 0.26905245190646376, 0.1320070225097501, -0.19679951481060098, 0.4940057589884418, -0.16083342514187265, 0.3407739382791711, -0.8989532066854421, 0.5571736479848892, 0.3616313356856914, -0.7916562849945561, 0.004952551750587758, -0.7239747992289195, -0.3010414762786233, 0.18253794937006274, -0.7088089309255035, 1.168171165316517, -0.7267358677655037, 0.628278155333262, -0.827866022580646, 0.6450661234132989, -1.2263242506202983, -1.2140857904940212, 0.44062367522827084, -0.5822980084406149, -0.022948627109487092, 0.52530824552947, -0.20733127209562807, -0.342910722677582, -0.4351636294136543, -0.7518272317171203, 0.1181262423170937, 0.7161540745202841, 0.46490657698827353, -1.363476905124311, 0.7320248583072314, -0.6484641919411713, -0.3034474142495175, 0.17148134655296604, 0.8645325162459659, -1.0783796822897744, 0.6838467361451684, -0.07279240270692708, -1.6807079348810692, -0.40468318354204397, -0.353500137809617, 2.1283608207792084, -0.22234551469633643, 0.06396967073783572, 0.8872899567673062, 0.3353324267694564, 0.4129926030184571, 0.10219774609263685, 0.6201847595343352, 0.6516664063765749, -0.07074911865387534, 0.3672795372165337, -0.7604320504156785, -0.7255020888017686, 0.5274154014796542, 0.36754976216919516, 0.46145613452106243, 0.29312133432695453, 1.034405644186316, -0.3496637629600768, 0.06190581719926175, 0.5744164683747861, 1.1343896772650564, 0.8525806146094617, 0.26267959309622424, 0.16071046703352537, -0.226890095514514, -0.13218365538858673, 0.013682057578038587, -1.0055664773962938, 0.6584149862038593, -0.7053598562400384, 0.6596232879661188, 0.671367278226778, 0.16354638957518197, -1.5307827057951158, -0.7373563215686553, 0.16036101650570717, 0.11478570649485992, 0.32781203078615284, 0.46059279200272674, 0.9407438284883564, -0.41673740716609664, 0.5624445802875461, 0.4356196911616037, 0.6674058749660708, -0.4672994271879886, 0.02510927575964217, -0.7080759925657483, 0.21146185854957372, 0.5780339915998983, -0.7645169324573634, 1.1605471657182678, -1.0279789180080754, -0.36326928466491604, 1.5616636666888377, -1.2500153824073852, 0.19248459458514494, -0.18574765107800884, 0.5082186005158704, -1.9038267637086752, -0.026173314721686963, -0.934428373395338, -0.6240016400995728, -1.6978473974949961, 0.22002295624759138, 0.34811637886635727, -0.40713086554682065, -0.5069436868743972, 0.48067570133332327, -1.6355581732052598, -1.2358802894178091, 0.15766500632952665, 0.07109070326648226, -0.2951566494925734, 0.627105961721419, -0.742052769118819, -0.21721463305184804, 0.01262182697028913, -1.1455399073955042, -1.2581039445491533, 0.036185399194114974, -0.455921329041141, -0.5113511721764615, 0.5791944061069043, -0.9998056393495435, -0.8890912414275278, 0.5230791478832022, -0.34663198344073354]}