{"input_size": 11, "hidden_size": 16, "output_size": 4, "weights": [-0.40433910063321993, 0.8445229851932216, 1.0963291755357938, -0.5397074167254814, 0.35717235724517366, -0.4751182677259071, -1.4060100094388948, -0.03907439434684434, -1.4139610716888804, 0.16717929728159941, 0.27411926110242946, 1.2538385342550906, -0.2613461008169929, -0.9571617896154021, -0.03039145787149991, -0.25096542696411045, 0.67568583317974, 0.2249750691745552, 0.9679625002898342, 0.9476910504155844, -0.5536368828001226, 0.9096789151062235, -0.16987602017205924, -1.2273760095510082, -0.17245627865444452, -0.6900886349751149, -0.09509736545155775, 0.562458711517708, 0.13269129319936263, 0.3893435093642708, -0.4852390572963738, -0.3118784136814028, 0.3311694699039986, -0.1371911686121342, -0.18928940577478498, 0.5436980448135983, 0.24065136374057855, 0.8884803169150309, 1.7611502169581073, -0.21260882660866942, 0.4449961645360328, 1.2586476761831757, -0.5546651578218799, -0.7892766752164379, 0.8793719067052275, 0.5867605192691985, 0.2256074682743479, -0.24033034316810845, -0.6196139561014121, 0.316193343920936, 0.9534365218061739, 0.367622466601768, 0.3782834492943518, 0.8492785511877429, 0.8703609312768371, 1.028215318966886, 1.3015876813498666, 0.868121103285634, 0.1291792397154919, 0.35446903783252337, 0.18493318049301796, -0.6181768582771526, 0.8394628441631605, 0.6456201819186872, 0.4196895774207611, 1.1379202117522982, -0.07914753219331866, -1.0248417070990674, 1.5141802256153194, 0.3586864184942081, -0.4156136442618859, 0.20297162479918865, -0.8491511411956765, 0.3117446050376917, 1.1331399059020566, 0.3915345190154578, -0.1819872289261379, 0.14779184591875655, -0.06287266923771644, -0.9857891071892952, -0.5486040882760154, -0.2809119790436318, -0.054998363186424315, 0.4915757482478639, 0.07275421053619407, -0.9944403164806677, -0.31134276086667156, 1.0031260742742412, 0.7336343925161666, -0.452397815082059, -1.3834002682584363, 0.4190291800953073, 0.7269449464177495, 0.7718539509645823, -0.894635941580728, -0.5699893405651485, 0.7617032546288712, 0.15446091992869532, -0.21167024445423716, 1.05614880222879, -0.7250086210075786, 0.8996933545550674, 0.5698112685963795, -0.44210888389030406, 1.0672097318593357, -1.449753462878985, 1.2818744094961003, -0.4895389488021349, 0.10692527130822067, 0.38998405832263483, 0.13552781518594603, -0.22579500189791973, 1.4710394282868107, 0.34595037010111784, -0.11337590688529067, -0.2938316711326603, -1.3686251559629063, 0.6609672310015133, -0.7637217694849714, 0.08013305917271028, -0.17007028096677185, 1.314187638479793, -0.34314000085512986, -0.6220757901204991, -0.3486092572535754, -0.7352902852461781, 0.27751918634281547, -1.1101454058103741, 0.2504707826293833, 1.2481757387733434, 0.30263607365048684, -0.3454978972079843, 0.3702080858463197, 0.6889414185315916, -0.4099373056181146, 0.3277368509068685, 0.6995271420783706, 0.6608789850509316, -1.6958968559847878, 0.7238279899981366, 0.9309750184150246, 1.3572803867306371, 1.0575113729489, 0.526887154253873, 0.16705955423651975, 0.8227113876371998, -1.0655083754201593, 1.4196270359624747, -0.7784267055724774, -0.0096438749326698, 0.08141404074777417, 0.1844121205309659, 1.113978382950378, -0.052424015227561, -0.25712338386742517, -0.025392537789125286, -0.5899751112075466, -1.034643565776237, 0.3226987442983337, -0.27091467349121856, -0.003418638360523918, -1.7147626119504986, 0.09059886877517742, 0.3832679314617547, 0.13228027452811245, 0.4432343072658821, 0.7575368450679345, -0.6317901748782905, -0.2963559566628595, -0.05044702298688131, -1.2689572651488623, -0.2716081557405173, -0.16694803134149394, -0.09282092733749282, -1.293149824176386, 0.012819229934027454, -0.5355129381852747, 0.6317334472069759, -0.15094507741559954, -0.41350037737600825, 0.022094925078976257, -0.17337991663966568, -0.8438062441121345, -0.8768923078382747, 0.818902886138439, -0.24122995937399025, -0.14107064351185267, -0.402296353767005, 0.21273648837306436, -0.7756644123634796, -1.0558191153114431, -0.33124125675133564, 0.4433233205288742, -0.5481448456182869, -0.4465446315205114, 0.1265929116974942, 1.640401583045707, 2.801358757402678, -0.16883207682078688, 1.170726692918943, -0.5724617716104506, 0.4241630446766232, -1.3695639562892665, -1.413362964884082, -0.09628254967712507, -0.5066833194511666, 1.3733909945799265, 0.37423839182953117, 0.4197781144349808, -0.7640603610423691, -0.3170685346894071, 0.05814051779324919, -1.167269513183752, -0.7439854687071523, 0.18957764364778218, 0.33990947517055214, -0.07251189157696292, 0.7181299020705308, 1.0533150507575741, 0.7696470308570886, 0.592162071435183, -1.372916553890287, -0.3845970085682499, -0.2519056543580679, 1.0630857724157912, 0.7438204150891657, 1.601320909880284, -0.6306498574230083, -0.6546534669432715, -0.18174246324107798, 0.34547623817232725, 0.3957640232484055, 1.4924699363218645, -0.9071617852791665, -0.8723460662953995, 0.5614989485770325, 0.020131737020428447, -0.09702191374614369, 1.6790754556820262, -0.13719876205583093, -0.17463748559739403, 1.206188995879896, -0.6896978754558993, -0.4478311224493933, -0.36449388393131626, -0.18766409556263872, -0.18693882303004422, -0.09850245279832398, -0.031170626342409857, -0.5207548180851415, -0.5449677180646901, -1.2379655400062095, -0.4395300142824336, 0.13522064348543258, 0.8966378346380326, -0.3162868168108955, 0.3859799779468231, -1.3621958092374455, 0.6608793063179279, 0.6399977605404774]}