{
    "hidden_size": 16,
    "input_size": 11,
    "output_size": 4,
    "weights": [
        -0.9686183929443359,
        -0.4893157184123993,
        -2.4466805458068848,
        0.05092523992061615,
        -1.629391074180603,
        1.3178609609603882,
        -3.838613271713257,
        0.6915150880813599,
        -1.401904582977295,
        0.8932444453239441,
        -1.2582314014434814,
        -2.996535301208496,
        -0.6068418622016907,
        -0.09974434971809387,
        1.924943208694458,
        -3.3278751373291016,
        -1.6103402376174927,
        -0.7133962512016296,
        0.5024637579917908,
        -0.3794389069080353,
        0.6193851232528687,
        1.7415677309036255,
        0.014310695230960846,
        -0.2446621060371399,
        -2.047638177871704,
        1.17595374584198,
        -0.7427101135253906,
        2.170628786087036,
        0.6617164611816406,
        0.7931140661239624,
        -0.17445814609527588,
        0.8286360502243042,
        1.1426103115081787,
        -0.7220222353935242,
        -1.0077288150787354,
        2.38246488571167,
        1.0650218725204468,
        0.3520292043685913,
        0.022259633988142014,
        2.5472264289855957,
        -1.5965734720230103,
        0.7738662362098694,
        -1.2792491912841797,
        -1.0931851863861084,
        1.8160134553909302,
        1.612185001373291,
        -0.10314509272575378,
        0.12376269698143005,
        -0.03162149712443352,
        2.1827964782714844,
        -0.48462268710136414,
        -1.8455451726913452,
        1.0137958526611328,
        -2.1154260635375977,
        -1.5518661737442017,
        -1.6847790479660034,
        1.2684279680252075,
        -1.509664535522461,
        0.732367217540741,
        1.924180030822754,
        -0.7194308042526245,
        0.9847408533096313,
        0.4240286946296692,
        -0.5713310241699219,
        0.5467037558555603,
        -0.7559299468994141,
        1.0417790412902832,
        0.06016136705875397,
        -0.04601062834262848,
        1.0286195278167725,
        -0.7872216105461121,
        0.5016496181488037,
        1.1211017370224,
        -0.5834056735038757,
        -0.045132115483284,
        0.18235717713832855,
        1.6529771089553833,
        0.9720728397369385,
        2.0559730529785156,
        2.7098915576934814,
        1.0438604354858398,
        -1.017549753189087,
        -0.215884268283844,
        -0.11897582560777664,
        -1.5012092590332031,
        -1.1329922676086426,
        0.8334779739379883,
        -2.368988275527954,
        -0.044245362281799316,
        2.2821266651153564,
        0.8953354358673096,
        2.1525816917419434,
        -2.436082363128662,
        -1.4227006435394287,
        -0.6042876243591309,
        -2.314077377319336,
        1.8305085897445679,
        2.135525941848755,
        3.5462098121643066,
        -0.4711286425590515,
        0.41733595728874207,
        1.5400546789169312,
        -0.9239922761917114,
        -2.239750862121582,
        -0.4608122706413269,
        3.0716941356658936,
        -0.5853460431098938,
        0.28860729932785034,
        1.0510426759719849,
        -3.943422555923462,
        0.8965627551078796,
        -0.9900814294815063,
        0.9157426357269287,
        1.987148404121399,
        1.0528461933135986,
        -0.6148268580436707,
        1.1300519704818726,
        0.7043675780296326,
        -0.6959593296051025,
        -1.5803416967391968,
        0.6507917642593384,
        -1.9253567457199097,
        3.5730667114257813,
        -1.9406819343566895,
        -2.3197598457336426,
        -0.16681042313575745,
        -2.094567060470581,
        -0.901776909828186,
        0.5966739058494568,
        -1.0740352869033813,
        5.295892238616943,
        0.012738004326820374,
        -0.9459910988807678,
        -0.6663048267364502,
        1.3219456672668457,
        1.8120366334915161,
        -0.8769387602806091,
        1.3969889879226685,
        -0.3259754180908203,
        1.1289442777633667,
        -2.754117965698242,
        2.2256197929382324,
        0.031193964183330536,
        -0.9659595489501953,
        0.9058437943458557,
        -0.2778380811214447,
        -0.9455114006996155,
        3.149505615234375,
        -1.1202962398529053,
        2.133361339569092,
        -1.8497545719146729,
        2.9638118743896484,
        1.5366308689117432,
        -1.2276873588562012,
        4.515755653381348,
        -3.108170509338379,
        -3.977436065673828,
        0.6611346006393433,
        2.954446792602539,
        -3.221977710723877,
        1.4840890169143677,
        -0.0895669162273407,
        1.3076907396316528,
        -3.187744140625,
        -0.725095272064209,
        2.489861488342285,
        4.439052581787109,
        -1.4844563007354736,
        -3.129051923751831,
        -1.0243388414382935,
        0.7774596810340881,
        -2.0519535541534424,
        2.446869373321533,
        1.301462173461914,
        -0.5028342008590698,
        -2.097127914428711,
        0.22255553305149078,
        -2.067577362060547,
        0.520406186580658,
        -1.8133513927459717,
        0.8126604557037354,
        -0.848911464214325,
        -3.749772548675537,
        -1.6109033823013306,
        -2.5991837978363037,
        -2.226491689682007,
        -1.074782371520996,
        -0.8560534715652466,
        -2.6039857864379883,
        1.8864589929580688,
        0.6324894428253174,
        0.501120924949646,
        3.871563673019409,
        -0.7072076201438904,
        0.4546892046928406,
        1.5550564527511597,
        2.479039430618286,
        -2.3193626403808594,
        -1.7035386562347412,
        -1.5969421863555908,
        -0.8889235258102417,
        3.019141674041748,
        -1.288808822631836,
        0.5121123790740967,
        1.2153972387313843,
        1.4647295475006104,
        1.4998478889465332,
        -0.14998850226402283,
        -1.2070060968399048,
        -1.1491503715515137,
        2.095407247543335,
        0.4690805673599243,
        2.2055985927581787,
        2.053243637084961,
        0.6180640459060669,
        0.3656979203224182,
        -1.3964494466781616,
        -1.1395224332809448,
        -1.7845423221588135,
        2.415287971496582,
        -1.2150113582611084,
        2.9459121227264404,
        1.5134994983673096,
        0.5023070573806763,
        1.6654915809631348,
        -0.3809679448604584,
        -0.6232043504714966,
        -3.8365237712860107,
        2.9259586334228516,
        0.21220122277736664,
        2.6655824184417725,
        -1.4908366203308105,
        -1.5485111474990845,
        -1.9681216478347778,
        0.0017401613295078278,
        -3.7572367191314697,
        -1.5962339639663696,
        -0.5517435669898987,
        1.3498197793960571,
        -0.6311209797859192,
        0.37992554903030396,
        0.2865607738494873,
        1.2194656133651733,
        2.900641441345215,
        -0.008680771104991436,
        0.2733525037765503,
        4.499617576599121,
        -0.12772881984710693,
        -3.6217854022979736,
        0.17955827713012695,
        1.1803613901138306,
        0.07965832948684692,
        0.131842240691185,
        2.4190263748168945,
        -0.3189723491668701,
        0.09185566008090973,
        0.15233486890792847,
        -0.9284288287162781,
        -1.9764878749847412,
        -1.2131651639938354
    ]
}