{
    "hidden_size": 16,
    "input_size": 11,
    "output_size": 4,
    "weights": [
        5.514378070831299,
        8.388449668884277,
        0.9071840643882751,
        -9.860021591186523,
        0.7994941473007202,
        -3.8520259857177734,
        1.9349969625473022,
        4.391928195953369,
        5.765880107879639,
        -1.8524458408355713,
        6.459887504577637,
        -5.788373947143555,
        -1.0479024648666382,
        -0.08247949182987213,
        7.9983038902282715,
        0.4159538149833679,
        2.8714101314544678,
        -5.004581928253174,
        -6.70137882232666,
        4.806116580963135,
        3.496309518814087,
        -0.36336833238601685,
        -8.788032531738281,
        1.317746877670288,
        -0.06272724270820618,
        1.4517853260040283,
        8.160871505737305,
        -6.079257965087891,
        0.17446266114711761,
        1.4111230373382568,
        3.502239942550659,
        -2.069532871246338,
        0.5671271085739136,
        -1.9544826745986938,
        -2.367159128189087,
        2.600402593612671,
        1.144447922706604,
        -2.575273036956787,
        0.24711444973945618,
        -2.339672327041626,
        -3.7298707962036133,
        -2.1139652729034424,
        -7.244189739227295,
        -11.222023963928223,
        2.2113301753997803,
        10.69094181060791,
        6.623811721801758,
        6.8088274002075195,
        1.6297907829284668,
        0.3171468675136566,
        0.44483599066734314,
        -7.025909423828125,
        6.062299728393555,
        -15.571372985839844,
        -1.9078160524368286,
        1.4502943754196167,
        -4.520116329193115,
        -3.24961519241333,
        -8.289944648742676,
        -3.7069010734558105,
        5.317098617553711,
        2.1981964111328125,
        0.7093862891197205,
        8.083761215209961,
        6.437718868255615,
        2.9344160556793213,
        0.07104076445102692,
        -8.907928466796875,
        -12.349740982055664,
        0.4268229305744171,
        -2.497206211090088,
        0.5735647678375244,
        -2.8952577114105225,
        -4.51924991607666,
        -2.796773910522461,
        2.979156494140625,
        0.6192363500595093,
        3.134291648864746,
        -4.465580463409424,
        -3.480088233947754,
        3.1227543354034424,
        -7.3081159591674805,
        7.341841220855713,
        2.622103452682495,
        8.898908615112305,
        -0.3231138586997986,
        6.782500267028809,
        -1.101250171661377,
        10.235883712768555,
        -6.889013767242432,
        -5.241174221038818,
        -0.5805346965789795,
        -3.2390191555023193,
        4.453203201293945,
        3.3195366859436035,
        -10.446451187133789,
        2.5532267093658447,
        -9.170367240905762,
        -4.448817729949951,
        3.7750792503356934,
        7.847638130187988,
        -2.324148416519165,
        -0.030574500560760498,
        15.255334854125977,
        -3.9509549140930176,
        -13.611828804016113,
        -0.7398732900619507,
        0.9635196328163147,
        2.5309696197509766,
        -5.286937236785889,
        9.748390197753906,
        -5.2530717849731445,
        4.5930562019348145,
        -4.089025020599365,
        0.0659978911280632,
        1.1073012351989746,
        -0.48413166403770447,
        0.36223024129867554,
        -4.044783115386963,
        -10.578258514404297,
        4.69749641418457,
        3.577906847000122,
        2.353638172149658,
        2.1646852493286133,
        -4.751185417175293,
        -3.503246784210205,
        -2.6529691219329834,
        -1.0917506217956543,
        -3.499223470687866,
        -0.5960508584976196,
        -7.460465431213379,
        -2.826672315597534,
        -0.737689733505249,
        1.933670997619629,
        3.4359309673309326,
        2.5354933738708496,
        -5.208845138549805,
        2.908869504928589,
        -0.48935097455978394,
        -1.254233956336975,
        6.362321853637695,
        -6.072044372558594,
        0.511817216873169,
        1.995176911354065,
        0.12315523624420166,
        2.2584729194641113,
        -3.807727336883545,
        -0.7341040372848511,
        -11.967302322387695,
        7.226116180419922,
        -12.640847206115723,
        -6.483242988586426,
        2.774322986602783,
        0.7932329177856445,
        10.41117000579834,
        -5.1040568351745605,
        5.570266246795654,
        2.70658802986145,
        -8.778124809265137,
        6.3526997566223145,
        -3.225449323654175,
        0.15564700961112976,
        3.1281285285949707,
        0.9022000432014465,
        1.4766467809677124,
        -1.782387375831604,
        -2.7055530548095703,
        1.7253351211547852,
        -2.6638646125793457,
        -2.724083662033081,
        -0.8564386367797852,
        -2.0637574195861816,
        0.7520629167556763,
        0.2855415344238281,
        7.923974514007568,
        -4.536096572875977,
        2.400383710861206,
        -1.9260363578796387,
        0.20139801502227783,
        -3.3703746795654297,
        -3.3281288146972656,
        1.1695873737335205,
        -2.6090052127838135,
        0.9772120714187622,
        -0.8463989496231079,
        -0.7336198687553406,
        -1.89769446849823,
        -2.38234806060791,
        -1.7372937202453613,
        10.143409729003906,
        -5.034944534301758,
        2.2263362407684326,
        -1.3640564680099487,
        2.249289035797119,
        2.349604606628418,
        -3.1859240531921387,
        -6.74800968170166,
        -6.821526527404785,
        1.9569544792175293,
        7.883894443511963,
        5.345178604125977,
        -1.899896264076233,
        1.3231064081192017,
        -1.4867161512374878,
        0.39912280440330505,
        -11.133095741271973,
        7.7755446434021,
        10.843266487121582,
        14.051253318786621,
        -5.6450700759887695,
        -10.671445846557617,
        0.9053926467895508,
        -4.660210609436035,
        7.85434627532959,
        -7.720651626586914,
        0.4761299192905426,
        -0.0325721800327301,
        3.3470330238342285,
        -4.583501815795898,
        -0.49681323766708374,
        -2.8448479175567627,
        -2.096522331237793,
        1.7699823379516602,
        -2.6606192588806152,
        2.1535701751708984,
        -7.680121421813965,
        -0.8153281807899475,
        -7.409136772155762,
        3.5083179473876953,
        1.5155574083328247,
        4.2497076988220215,
        -4.194913387298584,
        -3.402611017227173,
        0.0424095094203949,
        1.5757482051849365,
        -6.447475433349609,
        1.1191569566726685,
        -4.238561153411865,
        -10.9710111618042,
        -7.483872890472412,
        -5.5112810134887695,
        1.0961941480636597,
        1.959096908569336,
        5.514950275421143,
        2.5839600563049316,
        -1.0733492374420166,
        3.3593833446502686,
        0.7152314186096191,
        1.585928201675415,
        3.576077938079834,
        -0.08855247497558594,
        -0.23977605998516083,
        4.493993759155273,
        6.395640850067139,
        4.237534999847412,
        0.2313389778137207,
        0.11408349871635437,
        -0.22589990496635437,
        3.8097736835479736,
        0.20964619517326355
    ]
}