{
    "hidden_size": 16,
    "input_size": 11,
    "output_size": 4,
    "weights": [
        -2.54101300239563,
        -3.190608024597168,
        4.482706069946289,
        3.9261972904205322,
        1.2944291830062866,
        -3.9848384857177734,
        -0.5378957390785217,
        2.6505279541015625,
        2.880366563796997,
        1.1373238563537598,
        -2.142028331756592,
        0.43437325954437256,
        -3.373418092727661,
        6.650543212890625,
        1.420449137687683,
        4.53176212310791,
        3.6885621547698975,
        -1.534175157546997,
        -0.44945988059043884,
        3.223430633544922,
        -1.5996423959732056,
        0.4865533411502838,
        2.298344373703003,
        1.4676264524459839,
        -1.7161239385604858,
        -1.1292521953582764,
        -2.5617103576660156,
        -0.6286487579345703,
        0.29249364137649536,
        -1.1379705667495728,
        0.024582713842391968,
        1.5266058444976807,
        -0.7432155609130859,
        3.3778016567230225,
        1.4300457239151,
        -2.5500762462615967,
        3.9104623794555664,
        -3.0316176414489746,
        4.581719398498535,
        -5.210513591766357,
        -1.5488359928131104,
        -2.597475290298462,
        -3.01383113861084,
        -1.0310356616973877,
        0.6822915077209473,
        -0.6125933527946472,
        -0.1042163297533989,
        -1.113876461982727,
        -2.9409961700439453,
        1.3943846225738525,
        0.024392113089561462,
        -2.2144358158111572,
        1.0654451847076416,
        0.8330303430557251,
        1.0192856788635254,
        0.9245710372924805,
        -5.034165382385254,
        0.024218961596488953,
        -0.6976786255836487,
        1.6749820709228516,
        -2.2432730197906494,
        0.9225354790687561,
        -2.1246185302734375,
        2.692754030227661,
        -1.921897530555725,
        -0.40177327394485474,
        -2.634918212890625,
        -1.3397215604782104,
        -0.13139134645462036,
        3.7956323623657227,
        -3.0425355434417725,
        2.645822525024414,
        5.254909992218018,
        1.8174595832824707,
        -1.7062551975250244,
        -1.9018285274505615,
        1.4352604150772095,
        5.1807026863098145,
        -2.769015312194824,
        -2.5214715003967285,
        0.7519367933273315,
        1.3983573913574219,
        3.0417652130126953,
        4.349905967712402,
        -2.646636962890625,
        1.2624843120574951,
        -0.7623374462127686,
        -2.7764880657196045,
        -0.9373734593391418,
        -0.07827922701835632,
        4.3283209800720215,
        0.4126352071762085,
        -3.50805401802063,
        -0.2112525999546051,
        -1.5549124479293823,
        -1.7396514415740967,
        0.6788234710693359,
        -2.093197822570801,
        0.5251510143280029,
        -2.3373258113861084,
        2.5247113704681396,
        -1.1392035484313965,
        -1.6472258567810059,
        1.2209362983703613,
        0.7328500151634216,
        -0.061329104006290436,
        3.350369453430176,
        2.1493160724639893,
        1.6237881183624268,
        -2.3255577087402344,
        3.911177635192871,
        0.26403096318244934,
        1.9260597229003906,
        3.9303336143493652,
        -0.8648110628128052,
        0.9079707264900208,
        2.6635890007019043,
        -3.1866579055786133,
        -2.0222244262695313,
        2.565221071243286,
        -5.093299865722656,
        3.6230826377868652,
        0.7720673680305481,
        2.1916825771331787,
        3.261550188064575,
        -0.11549988389015198,
        2.3087339401245117,
        1.2962205410003662,
        -3.7008776664733887,
        2.757091999053955,
        0.47301095724105835,
        1.1344952583312988,
        -2.5579020977020264,
        0.8491207957267761,
        5.089601516723633,
        -1.573768973350525,
        0.5100075006484985,
        -3.2408812046051025,
        -3.4164068698883057,
        -5.157698154449463,
        -0.546956479549408,
        2.749912738800049,
        2.96994686126709,
        1.9252228736877441,
        -1.9803193807601929,
        0.02872627228498459,
        -2.994493246078491,
        1.9902092218399048,
        0.4328191578388214,
        2.4177680015563965,
        1.8127917051315308,
        -6.773378849029541,
        0.7603051662445068,
        -1.7797638177871704,
        2.454272747039795,
        -0.6356745958328247,
        0.6163370013237,
        0.13582730293273926,
        1.4589447975158691,
        0.9615767598152161,
        3.132607936859131,
        -2.4027576446533203,
        4.588058948516846,
        2.76334285736084,
        1.0454033613204956,
        0.5114645957946777,
        0.20597535371780396,
        1.6781283617019653,
        0.5085418224334717,
        -0.09622550010681152,
        -0.1356336623430252,
        1.971736192703247,
        -2.319871425628662,
        -2.503687858581543,
        -1.5435084104537964,
        0.5693928003311157,
        -0.03367523476481438,
        -1.1326007843017578,
        -0.26745879650115967,
        1.463456153869629,
        0.41257360577583313,
        1.5881483554840088,
        -0.14371979236602783,
        -2.213939905166626,
        0.5396846532821655,
        0.5076575875282288,
        -5.048957347869873,
        -3.6676251888275146,
        -5.163802146911621,
        -2.1835250854492188,
        -0.4532683491706848,
        -2.299315929412842,
        2.677844762802124,
        -0.4837844967842102,
        -0.01988370344042778,
        -0.5965514183044434,
        2.258178234100342,
        1.4648011922836304,
        2.462698221206665,
        1.581408977508545,
        -0.6647170186042786,
        -2.1016647815704346,
        -5.154456615447998,
        2.920037269592285,
        -2.879916191101074,
        -2.4007620811462402,
        1.1043504476547241,
        -1.1737828254699707,
        4.410074710845947,
        0.122907355427742,
        1.6211880445480347,
        1.9220811128616333,
        1.2226499319076538,
        -1.182244062423706,
        -1.2287707328796387,
        0.11874816566705704,
        -1.3774722814559937,
        5.551694393157959,
        2.3895328044891357,
        -0.9803794622421265,
        -2.102585792541504,
        0.45617449283599854,
        1.2161810398101807,
        -0.4010191559791565,
        -3.448948621749878,
        4.926355838775635,
        2.114971876144409,
        -1.8168649673461914,
        2.066434383392334,
        -2.5727012157440186,
        -0.8095947504043579,
        -5.706777095794678,
        1.8080294132232666,
        3.2335751056671143,
        -1.2347824573516846,
        -1.1743942499160767,
        1.845664381980896,
        -1.046777606010437,
        2.8715827465057373,
        -0.15716633200645447,
        0.9632726907730103,
        -2.5567007064819336,
        -2.339721918106079,
        -1.2672350406646729,
        -1.295151948928833,
        3.1583497524261475,
        -1.552749514579773,
        -2.659888744354248,
        -1.1258158683776855,
        -0.3550700843334198,
        -1.2860020399093628,
        -4.501832485198975,
        2.1812238693237305,
        -2.2471797466278076,
        2.131572723388672,
        -2.639641761779785,
        -0.14629200100898743,
        -0.9079011082649231,
        0.887224018573761,
        0.3727297782897949
    ]
}