{
    "hidden_size": 16,
    "input_size": 11,
    "output_size": 4,
    "weights": [
        -9.278641700744629,
        -12.567875862121582,
        10.862563133239746,
        -1.2883254289627075,
        -2.482898473739624,
        -0.2332877516746521,
        0.3136757016181946,
        -0.4105256199836731,
        3.1821064949035645,
        4.162940979003906,
        -4.400644302368164,
        -2.3428118228912354,
        4.210803508758545,
        -0.07591772824525833,
        6.08369779586792,
        -1.9331128597259521,
        -2.536865472793579,
        -2.610888719558716,
        -8.269205093383789,
        -0.9538241624832153,
        -4.402562618255615,
        -10.40576457977295,
        5.727663516998291,
        1.6661865711212158,
        -4.795572757720947,
        -4.704035758972168,
        0.10747773945331573,
        7.412898540496826,
        -0.14954106509685516,
        4.650484561920166,
        1.7551357746124268,
        12.325814247131348,
        0.9434181451797485,
        3.417308807373047,
        2.612492799758911,
        -8.300593376159668,
        -1.4981461763381958,
        4.296957969665527,
        -3.253894567489624,
        3.5737528800964355,
        -5.408136367797852,
        -2.7918930053710938,
        2.870321035385132,
        -2.6892526149749756,
        2.7772064208984375,
        -3.6079506874084473,
        -3.42639422416687,
        6.981734752655029,
        -0.5855209827423096,
        5.090348720550537,
        -2.5630486011505127,
        1.751668930053711,
        10.634001731872559,
        -6.018979072570801,
        1.4893807172775269,
        -1.6485449075698853,
        6.904551029205322,
        6.714111328125,
        -0.5074499845504761,
        6.238376140594482,
        -12.656660079956055,
        -3.8397858142852783,
        1.5133709907531738,
        2.794370412826538,
        4.609528064727783,
        4.108288288116455,
        -3.179767370223999,
        3.6255435943603516,
        -4.354707717895508,
        -6.965010166168213,
        4.459275245666504,
        -10.074188232421875,
        8.868745803833008,
        1.8933464288711548,
        6.9329047203063965,
        -0.8830151557922363,
        4.092653751373291,
        -2.2513363361358643,
        2.1919748783111572,
        -1.0758665800094604,
        7.804416656494141,
        -9.391371726989746,
        -8.853206634521484,
        -8.508384704589844,
        3.1355581283569336,
        -0.16369417309761047,
        7.490980625152588,
        0.6444757580757141,
        1.0588175058364868,
        -3.4558792114257813,
        -10.883831977844238,
        -3.5377261638641357,
        1.3689757585525513,
        4.587935447692871,
        5.30017614364624,
        6.203973770141602,
        -6.245483875274658,
        -9.240714073181152,
        0.5999680757522583,
        2.820194959640503,
        3.023127794265747,
        2.8048760890960693,
        -0.2438344955444336,
        -2.3986434936523438,
        2.9569740295410156,
        -2.3323888778686523,
        -4.832180500030518,
        4.7536211013793945,
        9.915725708007813,
        12.105387687683105,
        -1.209071397781372,
        -1.6183357238769531,
        -2.2615511417388916,
        -1.0705806016921997,
        -2.3836958408355713,
        -0.8630934953689575,
        1.7265394926071167,
        -4.435607433319092,
        -6.520229816436768,
        2.0135600566864014,
        13.946922302246094,
        4.835062503814697,
        -0.8260629773139954,
        7.573209762573242,
        0.9087979793548584,
        -3.6357457637786865,
        1.7312405109405518,
        2.232532501220703,
        -0.45784902572631836,
        0.36192476749420166,
        1.785912036895752,
        -0.9218387603759766,
        -3.0049591064453125,
        9.969292640686035,
        7.017208099365234,
        -5.2029547691345215,
        -2.130399227142334,
        -4.048205375671387,
        0.9098476767539978,
        -6.49574089050293,
        -5.768250942230225,
        -2.1748569011688232,
        -3.059410572052002,
        -1.846450686454773,
        -2.597797393798828,
        1.460665225982666,
        4.147220611572266,
        -9.464885711669922,
        0.9495479464530945,
        1.6939549446105957,
        12.922085762023926,
        -1.4190772771835327,
        -12.40471363067627,
        4.6441121101379395,
        -1.1926298141479492,
        -3.513253688812256,
        -3.630904197692871,
        -4.1796183586120605,
        -2.635326862335205,
        5.3402276039123535,
        -0.6618401408195496,
        0.33177945017814636,
        4.2723212242126465,
        9.850371360778809,
        -3.6567130088806152,
        1.2274670600891113,
        -3.4861843585968018,
        5.085865020751953,
        2.676085948944092,
        -13.139235496520996,
        9.767186164855957,
        5.964136600494385,
        -8.565004348754883,
        11.597984313964844,
        2.373171806335449,
        2.1363096237182617,
        6.1379547119140625,
        0.6304974555969238,
        -3.5801713466644287,
        -0.23137296736240387,
        -9.78319263458252,
        0.9298377633094788,
        6.100851535797119,
        1.7244398593902588,
        -4.09172248840332,
        16.369714736938477,
        -1.7610644102096558,
        -8.246420860290527,
        9.545160293579102,
        0.9716445207595825,
        12.8253812789917,
        -6.830822944641113,
        3.7026095390319824,
        6.433075904846191,
        -0.9471480250358582,
        0.24067197740077972,
        9.527881622314453,
        5.529660701751709,
        -6.827162742614746,
        -3.387524127960205,
        -0.8434448838233948,
        6.492401123046875,
        -5.836766719818115,
        1.529824137687683,
        2.6071672439575195,
        -2.6693317890167236,
        -6.106550693511963,
        5.305519104003906,
        -2.4143636226654053,
        -1.015967845916748,
        -6.933355808258057,
        -0.7865113019943237,
        1.723338007926941,
        5.193294048309326,
        2.453035593032837,
        -3.8483848571777344,
        2.6205625534057617,
        -0.16299882531166077,
        -7.301745891571045,
        -8.74227237701416,
        -2.5463647842407227,
        -1.5105295181274414,
        -0.5853738784790039,
        -1.5265493392944336,
        5.172084808349609,
        -6.747147560119629,
        -5.107496738433838,
        1.7227399349212646,
        5.846889972686768,
        -3.2311854362487793,
        -3.2395784854888916,
        5.948927879333496,
        -8.743101119995117,
        -0.30364522337913513,
        -1.1555806398391724,
        9.320171356201172,
        8.37996768951416,
        -0.002936452627182007,
        1.782776951789856,
        5.809006690979004,
        -1.0228697061538696,
        3.7711920738220215,
        3.9465465545654297,
        -1.845727562904358,
        2.2176177501678467,
        -4.428199768066406,
        -11.085410118103027,
        -1.7050881385803223,
        -8.454118728637695,
        -2.3412439823150635,
        -2.438877820968628,
        -4.6743669509887695,
        0.2853430509567261,
        -6.158481597900391,
        -5.001136302947998,
        0.3929256200790405,
        2.78737473487854,
        -1.8483537435531616,
        -3.8378748893737793,
        -3.3937573432922363
    ]
}