{
    "hidden_size": 16,
    "input_size": 11,
    "output_size": 4,
    "weights": [
        -11.782402038574219,
        -19.278121948242188,
        21.2606201171875,
        7.409926414489746,
        8.460162162780762,
        7.119523525238037,
        -1.2646803855895996,
        3.5612192153930664,
        -6.173802852630615,
        21.186355590820313,
        4.0479044914245605,
        11.220035552978516,
        11.793238639831543,
        10.149152755737305,
        14.641660690307617,
        -13.245884895324707,
        -12.313009262084961,
        13.89055347442627,
        -14.692170143127441,
        -0.1020594984292984,
        7.442137241363525,
        0.5142890810966492,
        24.478261947631836,
        0.4574396312236786,
        -3.2639966011047363,
        -11.462803840637207,
        -4.608199596405029,
        5.276969909667969,
        1.1314661502838135,
        6.800840854644775,
        19.81626319885254,
        8.467535018920898,
        -4.4040679931640625,
        -2.526212453842163,
        6.060054779052734,
        -9.871469497680664,
        -1.6848758459091187,
        7.177292823791504,
        0.7534871101379395,
        8.255666732788086,
        6.321303844451904,
        -3.2003867626190186,
        -0.3497120440006256,
        -8.579439163208008,
        -4.503610610961914,
        5.17618465423584,
        -14.813711166381836,
        11.751644134521484,
        -6.23484992980957,
        0.7169111371040344,
        -29.553720474243164,
        18.35860252380371,
        -5.827376365661621,
        -17.263866424560547,
        -7.363041877746582,
        -5.268729209899902,
        5.967774391174316,
        14.98773193359375,
        8.241276741027832,
        1.6304482221603394,
        -16.98617172241211,
        -25.101112365722656,
        6.498443603515625,
        -1.7529184818267822,
        -8.753755569458008,
        10.017681121826172,
        0.7410748600959778,
        0.4934319853782654,
        -18.131521224975586,
        -20.66819190979004,
        1.610276222229004,
        -3.835754156112671,
        6.195760726928711,
        3.5932300090789795,
        0.058280810713768005,
        7.5313544273376465,
        -13.048676490783691,
        -15.120129585266113,
        8.943012237548828,
        -0.9526757597923279,
        -8.528847694396973,
        -12.756604194641113,
        -9.512843132019043,
        -25.955062866210938,
        3.3913843631744385,
        3.9862585067749023,
        9.422154426574707,
        -3.8151323795318604,
        -3.8438568115234375,
        -2.6822805404663086,
        -22.279558181762695,
        -0.058059945702552795,
        7.948538780212402,
        4.005263328552246,
        -6.6581597328186035,
        6.33002233505249,
        -17.52308464050293,
        -10.082895278930664,
        1.7541784048080444,
        24.970523834228516,
        -1.9906866550445557,
        2.003593921661377,
        -5.6236090660095215,
        -5.503910064697266,
        -2.3769843578338623,
        -13.575352668762207,
        4.628894805908203,
        13.09117603302002,
        3.482600688934326,
        24.685754776000977,
        -9.360078811645508,
        -9.218657493591309,
        -7.076935291290283,
        -5.5141520500183105,
        -10.756359100341797,
        -6.490817546844482,
        7.491949081420898,
        7.8053412437438965,
        -4.519789218902588,
        5.70014762878418,
        22.15504264831543,
        4.837199687957764,
        -0.6465715169906616,
        18.002914428710938,
        6.738503456115723,
        -6.864643096923828,
        0.4701986014842987,
        2.7551066875457764,
        3.9568116664886475,
        1.8553584814071655,
        4.971508979797363,
        8.578744888305664,
        -21.95684242248535,
        5.854484558105469,
        13.102818489074707,
        -1.1691434383392334,
        -1.1159878969192505,
        -14.542648315429688,
        -1.5582584142684937,
        -18.246986389160156,
        -7.762051105499268,
        2.1971492767333984,
        0.42259347438812256,
        16.55272674560547,
        -11.97138500213623,
        -3.629605770111084,
        11.479849815368652,
        4.825813293457031,
        -8.155319213867188,
        -2.8165605068206787,
        20.537797927856445,
        -14.780373573303223,
        -2.8207285404205322,
        11.340073585510254,
        6.721909999847412,
        -0.8005456924438477,
        -1.2105066776275635,
        -13.062647819519043,
        -11.034979820251465,
        14.831883430480957,
        -11.586175918579102,
        -4.319875240325928,
        9.645613670349121,
        25.545629501342773,
        -7.466709136962891,
        -2.1018242835998535,
        -15.991842269897461,
        10.96189022064209,
        -0.3774366080760956,
        -8.574201583862305,
        31.828113555908203,
        8.213719367980957,
        -3.607600450515747,
        25.773181915283203,
        11.386124610900879,
        4.2371320724487305,
        19.55059051513672,
        -6.978443622589111,
        -11.792797088623047,
        -6.996893882751465,
        -19.79291343688965,
        -4.8358635902404785,
        18.990400314331055,
        -1.138687014579773,
        -6.126820087432861,
        18.51894760131836,
        -16.28350830078125,
        -6.685308456420898,
        5.2526397705078125,
        -8.795828819274902,
        7.407079696655273,
        14.227375030517578,
        1.9635611772537231,
        11.493820190429688,
        -6.612290382385254,
        18.854440689086914,
        36.23969268798828,
        18.171506881713867,
        -13.064104080200195,
        -9.56766128540039,
        3.858250617980957,
        22.748044967651367,
        -4.448436737060547,
        0.6675378084182739,
        -0.9444626569747925,
        7.4088873863220215,
        -14.036067962646484,
        4.853384494781494,
        -2.1975669860839844,
        -1.13606595993042,
        -10.8597993850708,
        -2.695006847381592,
        9.399786949157715,
        2.6065924167633057,
        -3.8728649616241455,
        -2.770726442337036,
        7.721705436706543,
        -0.8715425729751587,
        6.68558931350708,
        -18.527240753173828,
        -7.891932964324951,
        3.6356425285339355,
        -14.754652976989746,
        0.5650675892829895,
        12.600893020629883,
        -17.900325775146484,
        0.9361252784729004,
        4.670205593109131,
        1.1731197834014893,
        -4.938180923461914,
        -9.33331298828125,
        -0.23197385668754578,
        -26.17112922668457,
        -0.5406057834625244,
        -3.715769052505493,
        12.564626693725586,
        12.480620384216309,
        -22.275941848754883,
        -9.28943157196045,
        -11.703426361083984,
        1.7359291315078735,
        12.089151382446289,
        7.060871601104736,
        8.083016395568848,
        -3.1039366722106934,
        -15.662717819213867,
        -20.47715187072754,
        -0.4366455674171448,
        6.786527156829834,
        0.8818254470825195,
        4.333286285400391,
        -9.578226089477539,
        3.047377347946167,
        -11.7857027053833,
        -20.27570343017578,
        12.310708045959473,
        -0.31720834970474243,
        -4.8704142570495605,
        -6.772058486938477,
        -1.9324945211410522
    ]
}