{
    "hidden_size": 16,
    "input_size": 11,
    "output_size": 4,
    "weights": [
        -1.760797381401062,
        0.7319388389587402,
        0.48136019706726074,
        1.8594799041748047,
        0.7954363226890564,
        -0.8018205165863037,
        -0.923872172832489,
        2.1029555797576904,
        1.5183991193771362,
        1.6207445859909058,
        -1.1797165870666504,
        1.0312153100967407,
        -2.3905954360961914,
        1.7164416313171387,
        -0.04249582439661026,
        2.745401382446289,
        2.704718589782715,
        0.7308073043823242,
        1.3241407871246338,
        2.0047340393066406,
        0.3001919984817505,
        -0.7841932773590088,
        2.0539321899414063,
        0.6766655445098877,
        -0.782188892364502,
        -0.519420862197876,
        -2.6835124492645264,
        -0.6900384426116943,
        1.3274842500686646,
        -0.08586306869983673,
        0.4678594470024109,
        0.9338410496711731,
        1.0284587144851685,
        1.0629297494888306,
        0.5375295877456665,
        0.010576125234365463,
        0.006796710193157196,
        -0.4557766914367676,
        2.4996836185455322,
        -2.3105921745300293,
        -1.0704126358032227,
        -1.9801726341247559,
        -1.7400076389312744,
        1.4494221210479736,
        -0.297573059797287,
        0.16712282598018646,
        0.3932046592235565,
        -0.833509087562561,
        0.08729157596826553,
        1.0193819999694824,
        -0.9920430779457092,
        -1.1689389944076538,
        1.7407480478286743,
        0.4338113069534302,
        1.7665497064590454,
        0.23041044175624847,
        -3.4974896907806396,
        -0.4969859719276428,
        -0.030589163303375244,
        0.451250284910202,
        -1.1145516633987427,
        0.2918706238269806,
        0.5540008544921875,
        1.3105846643447876,
        -0.4169864058494568,
        1.8916693925857544,
        -1.603041172027588,
        0.6840966939926147,
        -0.5460803508758545,
        2.697558879852295,
        -1.4340341091156006,
        3.0450520515441895,
        1.9274849891662598,
        1.231587529182434,
        -1.5750514268875122,
        -0.24469512701034546,
        -0.008237980306148529,
        1.2697031497955322,
        -1.0942054986953735,
        -3.261201858520508,
        0.8679938316345215,
        -0.3415891230106354,
        1.8315510749816895,
        1.179538607597351,
        -0.9793429374694824,
        0.5814523696899414,
        -0.8522198796272278,
        -0.4763287305831909,
        0.602145791053772,
        1.4994308948516846,
        2.3107190132141113,
        0.2281741499900818,
        -0.2255254089832306,
        -0.44811177253723145,
        0.12719611823558807,
        0.1319129317998886,
        0.168924942612648,
        -0.41095441579818726,
        0.367489755153656,
        -1.1487007141113281,
        0.44788625836372375,
        -0.8779600858688354,
        -1.3020753860473633,
        -0.034181542694568634,
        0.16098977625370026,
        0.02587217092514038,
        1.491698980331421,
        0.6437374353408813,
        3.14579701423645,
        -1.2240415811538696,
        -0.3371497392654419,
        0.9651025533676147,
        3.776319742202759,
        0.17935875058174133,
        -0.27586254477500916,
        -0.27709320187568665,
        1.54075026512146,
        -2.8232030868530273,
        0.2974424958229065,
        1.8904807567596436,
        -4.02592134475708,
        1.9670294523239136,
        -0.5615323781967163,
        0.2890492379665375,
        3.2252817153930664,
        0.8898755311965942,
        0.3172668218612671,
        2.272279739379883,
        -1.623596429824829,
        -0.5807731747627258,
        -0.8933519721031189,
        0.9040951132774353,
        -1.5864499807357788,
        0.614185631275177,
        2.420071840286255,
        -0.5604318976402283,
        0.8869609832763672,
        -1.4007289409637451,
        0.19749151170253754,
        -1.9093883037567139,
        -1.2125749588012695,
        2.631413459777832,
        2.9305851459503174,
        1.393194317817688,
        -1.5176466703414917,
        0.4301520884037018,
        -1.2506909370422363,
        0.5792108178138733,
        1.3376480340957642,
        0.23501020669937134,
        1.4502043724060059,
        -3.0117242336273193,
        0.34251099824905396,
        -0.9936225414276123,
        0.9690349102020264,
        0.5416132211685181,
        0.2553307116031647,
        -0.566450834274292,
        0.15726986527442932,
        1.7097220420837402,
        -1.121805191040039,
        -0.14793027937412262,
        3.114241361618042,
        2.398265838623047,
        -0.17825542390346527,
        0.04998263716697693,
        0.6695601344108582,
        -0.1520441770553589,
        0.7628185749053955,
        0.2612212896347046,
        -0.9140557050704956,
        2.0085384845733643,
        -2.930962085723877,
        -1.7671267986297607,
        0.24262550473213196,
        -0.2069532573223114,
        1.2762829065322876,
        0.5195854902267456,
        -0.7337701320648193,
        -0.877206563949585,
        0.9713372588157654,
        0.81728595495224,
        -0.8929531574249268,
        -2.752211093902588,
        -0.7203923463821411,
        0.40310075879096985,
        -1.1539533138275146,
        -1.0054819583892822,
        -1.8272747993469238,
        -0.890457272529602,
        -0.14273935556411743,
        -1.4527034759521484,
        1.3698501586914063,
        -1.1894540786743164,
        0.3832617998123169,
        -0.3773888051509857,
        0.1545032411813736,
        0.10996027290821075,
        -0.13503795862197876,
        0.3595932424068451,
        0.5035706758499146,
        -1.3390135765075684,
        -2.066534996032715,
        4.1759185791015625,
        -1.5816603899002075,
        1.0748968124389648,
        0.08257550001144409,
        1.642802357673645,
        1.8423879146575928,
        -0.6302331686019897,
        1.2354458570480347,
        -0.233690083026886,
        -0.2866747975349426,
        -1.201784372329712,
        0.3818702697753906,
        0.5408208966255188,
        0.5260451436042786,
        2.5332350730895996,
        2.208056688308716,
        1.3897099494934082,
        -1.2598336935043335,
        0.1778043806552887,
        -0.025188207626342773,
        0.27790722250938416,
        -2.268857717514038,
        2.5105624198913574,
        -1.5460808277130127,
        -0.5874172449111938,
        0.4971618950366974,
        -2.030489444732666,
        -0.5584814548492432,
        -1.3123703002929688,
        0.3902292251586914,
        1.3487030267715454,
        -0.9560639262199402,
        -0.1775488555431366,
        0.8674850463867188,
        -0.425051212310791,
        -0.7433397173881531,
        1.2262582778930664,
        0.09458275884389877,
        -0.22669294476509094,
        -1.7383226156234741,
        -0.7416095733642578,
        -1.560616374015808,
        2.6392977237701416,
        -0.17191728949546814,
        -1.5128488540649414,
        -0.4892788529396057,
        1.2871975898742676,
        -0.40605002641677856,
        -1.9703084230422974,
        1.2827550172805786,
        -1.2045700550079346,
        -0.27061009407043457,
        -2.548096179962158,
        -1.1137369871139526,
        -0.0741734653711319,
        0.45781803131103516,
        -0.16823486983776093
    ]
}