{
    "hidden_size": 16,
    "input_size": 11,
    "output_size": 4,
    "weights": [
        -3.185587167739868,
        -0.8031221032142639,
        1.568562388420105,
        3.1878390312194824,
        1.5548756122589111,
        -2.7291908264160156,
        -1.222274661064148,
        2.0803897380828857,
        0.8037495017051697,
        2.5016977787017822,
        -1.035501480102539,
        0.06612572073936462,
        -2.4814887046813965,
        4.338668346405029,
        0.12418001890182495,
        3.181185245513916,
        1.673604130744934,
        0.9858659505844116,
        0.2909839451313019,
        2.7162485122680664,
        0.1542365550994873,
        -0.9098159074783325,
        2.130115270614624,
        0.4648686945438385,
        -1.3337979316711426,
        -1.2308359146118164,
        -3.7324206829071045,
        -1.0737755298614502,
        0.22295674681663513,
        -0.7251961827278137,
        -0.9564647674560547,
        0.7320795059204102,
        -0.33939453959465027,
        1.5494983196258545,
        -0.023206643760204315,
        -2.118175745010376,
        0.7348693609237671,
        -1.4845975637435913,
        1.9246900081634521,
        -3.4688363075256348,
        0.16148169338703156,
        -2.5317325592041016,
        -0.7484836578369141,
        -0.06480666995048523,
        -1.2239094972610474,
        -0.46058470010757446,
        0.5434694290161133,
        -0.38943636417388916,
        0.00364840030670166,
        0.9461957812309265,
        -1.0773783922195435,
        -1.7567174434661865,
        0.34999436140060425,
        -0.5900057554244995,
        1.454364538192749,
        1.6415879726409912,
        -3.5770370960235596,
        -0.4399169385433197,
        0.1564406156539917,
        0.6871395707130432,
        -0.8573967814445496,
        0.003577800467610359,
        -0.0110245943069458,
        2.9207534790039063,
        -0.7685195207595825,
        0.18033333122730255,
        -2.164431571960449,
        -0.6567949056625366,
        -0.7605243921279907,
        2.0007858276367188,
        -1.8739451169967651,
        2.724151849746704,
        3.152848482131958,
        1.1040165424346924,
        -2.231289863586426,
        -1.3604658842086792,
        1.5000072717666626,
        4.383927345275879,
        0.0013537108898162842,
        -2.760859727859497,
        -0.4090205132961273,
        0.8724275827407837,
        1.128110647201538,
        3.0204973220825195,
        -2.0381202697753906,
        -0.08029211312532425,
        -0.4214712977409363,
        -3.1489462852478027,
        -0.046112269163131714,
        -1.0202971696853638,
        3.4215099811553955,
        -0.07986067980527878,
        -2.5082132816314697,
        -1.5137962102890015,
        -1.407813310623169,
        -0.9266889095306396,
        0.6694287061691284,
        0.4830903112888336,
        1.0871565341949463,
        -0.9868050813674927,
        1.985770583152771,
        -0.07035624980926514,
        -2.0336039066314697,
        0.017816126346588135,
        2.126296043395996,
        0.5204644203186035,
        3.4875073432922363,
        0.941383421421051,
        2.880824565887451,
        -1.2240076065063477,
        0.8460019826889038,
        -0.0227111354470253,
        3.0480804443359375,
        1.503584861755371,
        -0.3150409758090973,
        0.2267729640007019,
        1.4849119186401367,
        -3.244227409362793,
        -1.710445761680603,
        1.89023756980896,
        -4.324739933013916,
        3.1197032928466797,
        0.8859701156616211,
        0.5066679120063782,
        3.9303557872772217,
        0.9168099761009216,
        1.6078689098358154,
        1.401591420173645,
        -2.3672478199005127,
        1.3308074474334717,
        -0.26246875524520874,
        0.2323344498872757,
        -1.557832956314087,
        1.4250578880310059,
        3.7598459720611572,
        -0.14781317114830017,
        -0.0930880606174469,
        -3.254765033721924,
        -0.19828465580940247,
        -4.186454772949219,
        -2.1692192554473877,
        2.2682063579559326,
        4.0665693283081055,
        2.031176805496216,
        -2.0330142974853516,
        0.49440819025039673,
        -1.576409935951233,
        1.8855007886886597,
        1.0261554718017578,
        1.0443735122680664,
        2.2539966106414795,
        -2.621835231781006,
        -0.49412935972213745,
        -1.8061399459838867,
        2.079932928085327,
        -0.01622508466243744,
        0.905218243598938,
        0.1665256768465042,
        0.11770828068256378,
        1.1834832429885864,
        0.24033571779727936,
        0.19302815198898315,
        4.338797092437744,
        2.5710699558258057,
        0.3157671093940735,
        1.0912001132965088,
        0.09178540110588074,
        0.28142350912094116,
        0.341045618057251,
        -0.17349500954151154,
        0.3312666118144989,
        2.14644193649292,
        -2.0757973194122314,
        -1.721951961517334,
        0.6331496238708496,
        0.17142893373966217,
        1.5603036880493164,
        0.936269223690033,
        0.4446403384208679,
        1.3097741603851318,
        1.5667916536331177,
        0.23437762260437012,
        -2.25783371925354,
        -2.7964532375335693,
        -0.01867559552192688,
        0.5980340242385864,
        -2.0976009368896484,
        -1.6381388902664185,
        -4.390537261962891,
        -1.059851884841919,
        0.34217631816864014,
        -1.0558290481567383,
        0.05406475067138672,
        -0.39197149872779846,
        0.14276109635829926,
        -0.8351864814758301,
        0.5321401953697205,
        0.8921321630477905,
        1.0536830425262451,
        1.510048747062683,
        0.6124096512794495,
        -1.336544394493103,
        -3.8387954235076904,
        3.3943896293640137,
        -1.4384102821350098,
        1.1618903875350952,
        1.204392433166504,
        1.9470479488372803,
        3.159513473510742,
        -1.8936774730682373,
        2.406851053237915,
        0.14103040099143982,
        -1.2410316467285156,
        -1.2537184953689575,
        0.01486513763666153,
        -0.270341694355011,
        -1.3082011938095093,
        4.0499420166015625,
        2.252565622329712,
        0.9433502554893494,
        -0.16590842604637146,
        1.0551378726959229,
        2.0572803020477295,
        -0.26867684721946716,
        -1.9776403903961182,
        2.834165096282959,
        0.22004780173301697,
        -0.4764752984046936,
        3.2879066467285156,
        -2.402780532836914,
        -1.123616337776184,
        -3.013554096221924,
        -0.28381583094596863,
        2.960569143295288,
        -0.8752444982528687,
        -0.873734712600708,
        0.7644137144088745,
        0.24622119963169098,
        1.452026128768921,
        1.4270820617675781,
        1.2480809688568115,
        -3.199406147003174,
        -1.590663194656372,
        -1.2128875255584717,
        -2.3204097747802734,
        2.404547691345215,
        -0.7770028114318848,
        -1.7816486358642578,
        -0.8937772512435913,
        1.2476372718811035,
        0.1330910325050354,
        -1.935497522354126,
        2.4756879806518555,
        -2.4910531044006348,
        1.3112605810165405,
        -2.459696054458618,
        -1.6887856721878052,
        -0.05192543566226959,
        0.18780457973480225,
        -0.4392506778240204
    ]
}