{
    "hidden_size": 16,
    "input_size": 11,
    "output_size": 4,
    "weights": [
        1.794193983078003,
        16.14867401123047,
        7.217123985290527,
        -16.843713760375977,
        -0.1923174411058426,
        -8.178470611572266,
        1.9148685932159424,
        -6.0572896003723145,
        3.613121509552002,
        -2.608436107635498,
        3.0588693618774414,
        -0.48219648003578186,
        0.7780501842498779,
        3.327775478363037,
        3.4746787548065186,
        -2.591763973236084,
        10.3299560546875,
        -13.866460800170898,
        -3.893470048904419,
        0.877596378326416,
        3.38204288482666,
        -3.8391799926757813,
        -7.9577813148498535,
        4.27857780456543,
        5.1602702140808105,
        -8.489029884338379,
        8.224803924560547,
        -9.588371276855469,
        -1.1864595413208008,
        -1.298564076423645,
        11.226140022277832,
        -1.6944806575775146,
        -4.017670154571533,
        -4.341334819793701,
        -0.9802369475364685,
        3.9096508026123047,
        2.9654409885406494,
        -0.177099347114563,
        -5.503709316253662,
        -6.620985507965088,
        1.317004919052124,
        -0.43409961462020874,
        -8.003177642822266,
        -14.104514122009277,
        1.0058362483978271,
        7.027259349822998,
        0.7148120999336243,
        3.346403121948242,
        8.722016334533691,
        7.459588050842285,
        0.3570045530796051,
        -6.954857349395752,
        11.031631469726563,
        -14.453670501708984,
        -9.644503593444824,
        5.603149890899658,
        -0.25509464740753174,
        -0.9724724292755127,
        -0.44688379764556885,
        -3.8458828926086426,
        3.270045757293701,
        8.938750267028809,
        9.470742225646973,
        8.584470748901367,
        2.918090581893921,
        5.59355354309082,
        -2.3390400409698486,
        -8.486333847045898,
        -8.977387428283691,
        2.0947108268737793,
        -5.212276935577393,
        3.031778335571289,
        -6.729608058929443,
        -0.12319624423980713,
        4.689022541046143,
        -5.467966556549072,
        8.468149185180664,
        3.053056001663208,
        -7.432610034942627,
        -0.25874635577201843,
        14.7288236618042,
        -12.010369300842285,
        4.899967193603516,
        6.401819705963135,
        9.776453971862793,
        3.1683921813964844,
        9.71203327178955,
        -3.3359177112579346,
        6.342947483062744,
        -9.991352081298828,
        -2.501573085784912,
        0.30546459555625916,
        -1.6644119024276733,
        7.885925769805908,
        4.210391044616699,
        -7.775475978851318,
        -0.44741740822792053,
        -19.293428421020508,
        -5.766076564788818,
        10.422908782958984,
        14.801288604736328,
        14.526716232299805,
        -0.47350913286209106,
        23.877927780151367,
        2.6623740196228027,
        -9.289312362670898,
        -0.33812713623046875,
        1.6965789794921875,
        -2.108621597290039,
        -7.801630020141602,
        13.486392974853516,
        0.4236609935760498,
        15.556750297546387,
        1.2672001123428345,
        -6.443391799926758,
        2.0984878540039063,
        4.6945061683654785,
        -1.0605998039245605,
        -2.5844969749450684,
        -10.085418701171875,
        8.169044494628906,
        -0.4329338073730469,
        0.20426614582538605,
        1.215071201324463,
        -6.137492656707764,
        -9.228285789489746,
        0.24364453554153442,
        -7.301733016967773,
        3.135131359100342,
        -2.9206252098083496,
        -11.933615684509277,
        -3.8007545471191406,
        -3.24898099899292,
        -1.528794288635254,
        -3.013046979904175,
        4.230688571929932,
        -0.16844549775123596,
        0.7728322148323059,
        -3.8008501529693604,
        2.1070663928985596,
        2.0239031314849854,
        -11.015059471130371,
        4.184609889984131,
        1.0993722677230835,
        -6.796247959136963,
        7.0678606033325195,
        -5.213038921356201,
        3.8556580543518066,
        -10.188641548156738,
        4.639996528625488,
        -18.30364990234375,
        -0.9473656415939331,
        9.914194107055664,
        12.639705657958984,
        6.411310195922852,
        -1.5942625999450684,
        3.1856791973114014,
        9.178077697753906,
        -11.136116981506348,
        14.902704238891602,
        -9.98945426940918,
        4.764285564422607,
        5.102044582366943,
        7.836582183837891,
        4.598229885101318,
        -2.7722339630126953,
        -9.385869979858398,
        0.5588310956954956,
        -3.770052433013916,
        -4.6433210372924805,
        -12.521942138671875,
        -5.025607585906982,
        6.316761493682861,
        -1.9175670146942139,
        4.79801607131958,
        -1.6400054693222046,
        15.126666069030762,
        -9.136808395385742,
        0.702681839466095,
        -10.802889823913574,
        -8.039558410644531,
        1.1214210987091064,
        -2.133295774459839,
        -1.8721935749053955,
        -5.849709510803223,
        -8.834195137023926,
        -0.4288998544216156,
        -1.5674993991851807,
        3.049973964691162,
        12.831559181213379,
        -1.646131992340088,
        5.638810157775879,
        2.94527006149292,
        1.9730020761489868,
        1.0009586811065674,
        -1.7343766689300537,
        -11.067227363586426,
        -14.965180397033691,
        3.16792368888855,
        7.398908615112305,
        8.658961296081543,
        -1.7305858135223389,
        -2.624319553375244,
        0.9291859865188599,
        4.063827037811279,
        -12.741620063781738,
        12.492283821105957,
        19.88542938232422,
        11.311728477478027,
        -5.455746650695801,
        -12.148168563842773,
        8.106571197509766,
        -6.944178581237793,
        8.161578178405762,
        -2.8073554039001465,
        4.446796417236328,
        2.378307580947876,
        0.47973477840423584,
        -0.4056456685066223,
        -10.497747421264648,
        1.2223867177963257,
        -4.317356109619141,
        -4.461266040802002,
        1.5580142736434937,
        2.92046856880188,
        -13.419480323791504,
        -5.15551233291626,
        -6.676576614379883,
        -0.49336156249046326,
        1.8069061040878296,
        8.267154693603516,
        -7.126070499420166,
        2.5339341163635254,
        4.259153842926025,
        2.2198901176452637,
        -12.82584285736084,
        -4.021791458129883,
        -8.311680793762207,
        -9.214540481567383,
        -1.2461930513381958,
        -11.662110328674316,
        -1.3590583801269531,
        4.144054889678955,
        9.950861930847168,
        2.4534170627593994,
        -4.213254928588867,
        12.962611198425293,
        5.533451557159424,
        -0.5061996579170227,
        0.23783209919929504,
        3.7525479793548584,
        -1.4767539501190186,
        2.395794153213501,
        9.600378036499023,
        3.881892204284668,
        0.11749398708343506,
        3.0444343090057373,
        -8.208900451660156,
        3.4264190196990967,
        -9.809893608093262
    ]
}