{
    "hidden_size": 16,
    "input_size": 11,
    "output_size": 4,
    "weights": [
        -9.158702850341797,
        -14.978371620178223,
        15.897549629211426,
        0.5561484098434448,
        -0.28108227252960205,
        1.3738939762115479,
        4.707873344421387,
        2.6578550338745117,
        1.2971272468566895,
        6.396420955657959,
        -5.078656196594238,
        2.558541774749756,
        12.189626693725586,
        2.2584240436553955,
        11.815472602844238,
        -7.1337690353393555,
        -5.638690948486328,
        5.836654186248779,
        -5.7859320640563965,
        -0.07789618521928787,
        -3.4653007984161377,
        -9.092278480529785,
        7.314260005950928,
        4.64133358001709,
        -1.0183088779449463,
        -4.669977188110352,
        -2.662766456604004,
        5.7007646560668945,
        -3.5619208812713623,
        7.259885787963867,
        8.49312686920166,
        9.026409149169922,
        3.7877392768859863,
        -2.5124258995056152,
        0.1454152911901474,
        -6.705356121063232,
        -1.7836579084396362,
        -1.1212430000305176,
        -2.9968767166137695,
        9.178730010986328,
        -1.7997223138809204,
        1.0126917362213135,
        2.9713661670684814,
        -5.132012367248535,
        -0.22936123609542847,
        -0.7921939492225647,
        7.721073150634766,
        6.68677282333374,
        -0.6920484900474548,
        5.511627674102783,
        -8.904699325561523,
        0.10098081827163696,
        4.437698841094971,
        -11.577553749084473,
        4.899322032928467,
        -1.9788888692855835,
        14.47131633758545,
        5.601814270019531,
        2.077397346496582,
        -1.8803342580795288,
        -20.354703903198242,
        -13.527392387390137,
        9.489032745361328,
        1.4900298118591309,
        -2.732009172439575,
        7.9704742431640625,
        0.5226683616638184,
        -0.6018035411834717,
        -11.754650115966797,
        -7.691861152648926,
        6.98522424697876,
        -10.042683601379395,
        9.597947120666504,
        -3.814480781555176,
        5.753244400024414,
        -0.4045262634754181,
        6.986143112182617,
        -6.884634017944336,
        -2.3476336002349854,
        -1.2660096883773804,
        3.337010145187378,
        -7.634145736694336,
        -6.551569938659668,
        -11.642062187194824,
        1.9192602634429932,
        -4.160691261291504,
        13.40617561340332,
        4.115696430206299,
        -0.21787068247795105,
        -5.42807674407959,
        -8.122132301330566,
        -1.700073480606079,
        4.2776079177856445,
        4.263288974761963,
        5.641363143920898,
        4.638017177581787,
        -16.742746353149414,
        -16.347213745117188,
        2.434581756591797,
        7.432479381561279,
        -0.036965787410736084,
        4.656678676605225,
        -4.571025371551514,
        -4.155336380004883,
        -1.940409779548645,
        1.9778666496276855,
        0.22512517869472504,
        13.495186805725098,
        5.580415725708008,
        11.667681694030762,
        -2.723958730697632,
        -5.942607879638672,
        -6.616028785705566,
        -2.1214826107025146,
        -5.887303829193115,
        -2.4096505641937256,
        0.37308526039123535,
        0.8046027421951294,
        -3.587362051010132,
        -2.1213388442993164,
        7.856998443603516,
        9.243640899658203,
        3.187732696533203,
        13.225576400756836,
        3.5990796089172363,
        -0.1288389265537262,
        1.512893795967102,
        -2.418303966522217,
        -3.4706099033355713,
        4.268105506896973,
        3.6203114986419678,
        -4.1453857421875,
        -17.927587509155273,
        4.353156089782715,
        7.386329650878906,
        -7.790961742401123,
        -3.071078300476074,
        -14.609457969665527,
        -1.8103818893432617,
        -12.372841835021973,
        -10.99658203125,
        -1.5453130006790161,
        -1.7407740354537964,
        8.129206657409668,
        -1.6886539459228516,
        -2.0602779388427734,
        3.4378089904785156,
        -3.2886486053466797,
        4.37599515914917,
        5.491095542907715,
        13.793222427368164,
        -3.331441640853882,
        -5.75347375869751,
        7.23293924331665,
        -0.6232584714889526,
        -1.400955080986023,
        3.4208922386169434,
        -8.452217102050781,
        1.1389508247375488,
        12.398414611816406,
        -5.310799598693848,
        -5.026440620422363,
        2.042742967605591,
        12.806419372558594,
        -8.482156753540039,
        -1.455078363418579,
        -8.87979793548584,
        2.3710124492645264,
        3.1845924854278564,
        -10.185540199279785,
        14.357573509216309,
        -5.436172962188721,
        -4.079982757568359,
        12.228147506713867,
        1.6919200420379639,
        5.09560489654541,
        15.515388488769531,
        0.42000827193260193,
        -6.522274971008301,
        -0.12562191486358643,
        -17.06934356689453,
        4.124691486358643,
        12.91369342803955,
        1.231743574142456,
        -2.2780354022979736,
        18.404029846191406,
        -10.911762237548828,
        -4.636212348937988,
        14.408600807189941,
        -2.14011549949646,
        9.304924964904785,
        -3.126008987426758,
        1.8005611896514893,
        1.2569626569747925,
        -3.8934669494628906,
        0.8177093863487244,
        15.65634822845459,
        6.078181266784668,
        -13.812684059143066,
        -10.650819778442383,
        -3.9072024822235107,
        14.427509307861328,
        -7.823434352874756,
        1.509522557258606,
        3.110450029373169,
        -2.994631290435791,
        -10.0481595993042,
        5.5495123863220215,
        -3.962657928466797,
        -6.261412143707275,
        -11.402019500732422,
        0.16654330492019653,
        -2.2588655948638916,
        2.119957685470581,
        -4.989005088806152,
        -6.949803352355957,
        3.2179489135742188,
        -6.78830099105835,
        -4.639158725738525,
        -6.862974643707275,
        -2.768688678741455,
        6.291000843048096,
        -1.880552887916565,
        2.7073121070861816,
        7.479389190673828,
        -14.84053897857666,
        -3.9403395652770996,
        -2.5744166374206543,
        1.4310064315795898,
        -6.4398627281188965,
        -7.794785976409912,
        1.7677453756332397,
        -12.199886322021484,
        -4.53458833694458,
        -4.156976699829102,
        10.625590324401855,
        7.266378879547119,
        -5.252988815307617,
        -3.5031566619873047,
        -0.48818904161453247,
        -1.974538803100586,
        0.8072788715362549,
        1.446406602859497,
        6.1004638671875,
        3.1764745712280273,
        -6.810368537902832,
        -9.884666442871094,
        -5.5327324867248535,
        -0.3897155821323395,
        0.5982730388641357,
        -0.094715416431427,
        -5.4653496742248535,
        -2.425261974334717,
        -11.00224494934082,
        -7.353681564331055,
        6.131204605102539,
        0.07315728068351746,
        -3.9733786582946777,
        -6.370711803436279,
        -10.006482124328613
    ]
}