{
    "hidden_size": 16,
    "input_size": 11,
    "output_size": 4,
    "weights": [
        -1.943202257156372,
        -2.175623655319214,
        3.669036388397217,
        2.6293864250183105,
        0.15262576937675476,
        -6.375124931335449,
        -1.4070028066635132,
        3.622445821762085,
        4.5237579345703125,
        2.0656962394714355,
        -3.511331796646118,
        0.06913886219263077,
        -5.271475315093994,
        9.348535537719727,
        1.6159555912017822,
        5.20978307723999,
        4.239962577819824,
        0.5403440594673157,
        -0.5172286629676819,
        4.3192830085754395,
        -1.3341269493103027,
        2.07053542137146,
        2.6339094638824463,
        0.8954839706420898,
        -3.323465585708618,
        -1.1181658506393433,
        -1.750192403793335,
        -1.6466196775436401,
        0.8212868571281433,
        -0.7407558560371399,
        -0.03638150542974472,
        0.9137121438980103,
        -0.45767366886138916,
        2.703291893005371,
        0.8029029965400696,
        -2.9436445236206055,
        3.9841909408569336,
        -3.552393674850464,
        5.28957462310791,
        -4.552976131439209,
        -1.4330494403839111,
        -2.9353396892547607,
        -3.2967333793640137,
        -0.7398709058761597,
        0.6510131359100342,
        -1.2618703842163086,
        -1.498727560043335,
        -1.4235016107559204,
        -2.6978352069854736,
        1.5197924375534058,
        0.13342584669589996,
        -1.8601081371307373,
        1.3112235069274902,
        1.5639195442199707,
        0.48755455017089844,
        1.1411776542663574,
        -5.276847839355469,
        -0.8953475952148438,
        -1.2940922975540161,
        1.3699759244918823,
        -1.5962605476379395,
        -1.0059328079223633,
        -1.689087152481079,
        2.4745419025421143,
        -0.6854758262634277,
        -0.7330115437507629,
        -4.112674236297607,
        -1.8690208196640015,
        -1.4994293451309204,
        4.589471817016602,
        -3.6236119270324707,
        3.022932291030884,
        4.607192039489746,
        2.0122601985931396,
        -2.917987585067749,
        -2.6658005714416504,
        2.084192991256714,
        5.3864898681640625,
        -2.692197799682617,
        -2.2619059085845947,
        1.7345486879348755,
        0.8979267477989197,
        1.090681791305542,
        4.369354248046875,
        -2.2348344326019287,
        1.0584440231323242,
        -0.43445882201194763,
        -3.709933280944824,
        -1.9460375308990479,
        0.9118080139160156,
        1.9113951921463013,
        -0.27088382840156555,
        -3.4003403186798096,
        -0.09706838428974152,
        -2.1260480880737305,
        -1.2709238529205322,
        1.230016827583313,
        -1.976755142211914,
        2.3223390579223633,
        -2.4255270957946777,
        1.9844598770141602,
        -1.5797663927078247,
        -1.768301010131836,
        -0.5275375843048096,
        0.9704352021217346,
        -0.16544359922409058,
        2.0207881927490234,
        3.2163877487182617,
        2.3323452472686768,
        -2.0382184982299805,
        3.0276477336883545,
        1.1038236618041992,
        3.184392213821411,
        5.908689022064209,
        -1.024924635887146,
        0.34971681237220764,
        3.298032522201538,
        -4.08711576461792,
        -2.089184284210205,
        2.774775743484497,
        -4.376585960388184,
        4.140805244445801,
        0.8502716422080994,
        2.0099148750305176,
        2.8049585819244385,
        -0.7397654056549072,
        2.283303737640381,
        0.029641658067703247,
        -3.8345375061035156,
        3.1485049724578857,
        0.8024387955665588,
        1.4150629043579102,
        -4.489055156707764,
        1.9399874210357666,
        5.3736982345581055,
        -1.3417391777038574,
        -0.7485908269882202,
        -3.37961483001709,
        -4.020265579223633,
        -5.182168483734131,
        -1.4352874755859375,
        2.1330626010894775,
        1.3660398721694946,
        2.1300439834594727,
        -2.8930435180664063,
        -0.6311213374137878,
        -1.9267135858535767,
        1.477573037147522,
        1.4123655557632446,
        3.292332649230957,
        1.7977138757705688,
        -7.512635231018066,
        0.1982930600643158,
        -2.4803969860076904,
        0.8776857256889343,
        0.7773509621620178,
        2.114044189453125,
        0.2416677474975586,
        -0.1386510133743286,
        0.7216982245445251,
        2.4593915939331055,
        -0.24475076794624329,
        5.354180812835693,
        2.4274652004241943,
        -0.11017542332410812,
        0.625267505645752,
        -0.4770624339580536,
        1.579771876335144,
        1.1504946947097778,
        -1.0041847229003906,
        -0.677216649055481,
        2.6532230377197266,
        -2.9917025566101074,
        -3.117258310317993,
        -2.140209674835205,
        1.1700711250305176,
        -0.1668255478143692,
        -1.4391541481018066,
        -0.1410653293132782,
        0.8549447655677795,
        1.3623104095458984,
        1.1211628913879395,
        -0.1731749176979065,
        -2.934640645980835,
        0.7571316957473755,
        2.047569513320923,
        -4.626499176025391,
        -4.612703800201416,
        -5.713457107543945,
        -1.2734237909317017,
        -1.8439899682998657,
        -1.8911569118499756,
        1.8303688764572144,
        -0.4657406210899353,
        0.8820220232009888,
        -0.5962849259376526,
        2.2694497108459473,
        1.8732208013534546,
        2.604835271835327,
        1.0661704540252686,
        -0.17537806928157806,
        -2.2770192623138428,
        -5.154456615447998,
        3.2088241577148438,
        -2.966858386993408,
        -2.202023983001709,
        0.9235867857933044,
        -0.6938546895980835,
        4.703356742858887,
        0.4501815140247345,
        1.635414719581604,
        1.5363259315490723,
        1.2374824285507202,
        -0.9907033443450928,
        -1.9192678928375244,
        -0.3618277609348297,
        -0.9728209972381592,
        6.540555953979492,
        2.1022889614105225,
        -1.6252683401107788,
        -1.6203031539916992,
        1.474206805229187,
        -0.022121906280517578,
        0.29269683361053467,
        -3.6328728199005127,
        5.7726664543151855,
        1.9307658672332764,
        -1.5816923379898071,
        2.0313849449157715,
        -2.6181626319885254,
        -0.7892370223999023,
        -5.193017959594727,
        2.086327075958252,
        3.477691650390625,
        -1.0288861989974976,
        -1.9610193967819214,
        1.9767588376998901,
        -1.182793378829956,
        3.3104023933410645,
        -0.04266001284122467,
        0.6386159658432007,
        -3.854621410369873,
        -3.066178798675537,
        -1.7336540222167969,
        -1.9668891429901123,
        2.843658447265625,
        -2.474059581756592,
        -2.118473529815674,
        -0.643959105014801,
        0.7413058876991272,
        -1.1841992139816284,
        -2.36063814163208,
        2.9432146549224854,
        -2.8612825870513916,
        2.131802797317505,
        -1.7204792499542236,
        -0.03485240042209625,
        -1.205647349357605,
        -0.6185104846954346,
        -0.37887921929359436
    ]
}