{
    "hidden_size": 16,
    "input_size": 11,
    "output_size": 4,
    "weights": [
        -1.232239842414856,
        -1.1193039417266846,
        -2.123607873916626,
        -0.3124935030937195,
        -1.622631311416626,
        1.0852044820785522,
        -3.0287513732910156,
        0.792738676071167,
        -0.9675434231758118,
        0.5696902275085449,
        -0.4636358320713043,
        -1.5991086959838867,
        0.12348762154579163,
        0.35700279474258423,
        1.5912752151489258,
        -2.345109701156616,
        0.41809460520744324,
        0.05543183535337448,
        -0.20635418593883514,
        -1.2598917484283447,
        1.043307900428772,
        3.1618216037750244,
        -0.36765429377555847,
        0.45626091957092285,
        -1.7748297452926636,
        1.3579744100570679,
        -0.023930683732032776,
        1.2505886554718018,
        0.8815876841545105,
        0.5644577741622925,
        0.1362328678369522,
        1.2792749404907227,
        0.5490478873252869,
        -1.2290763854980469,
        0.4365878701210022,
        1.9532341957092285,
        0.3502764105796814,
        0.9765357971191406,
        -0.005745500326156616,
        2.982724905014038,
        -0.9130665063858032,
        0.6469507813453674,
        -1.778963327407837,
        -0.40917426347732544,
        -0.33852994441986084,
        2.130615234375,
        0.5342099666595459,
        -0.43263450264930725,
        -0.27622315287590027,
        1.5282262563705444,
        -2.304324150085449,
        -1.7472567558288574,
        0.47229641675949097,
        -2.2348673343658447,
        -1.695595622062683,
        -2.29429292678833,
        0.2356184870004654,
        -0.5682441592216492,
        -0.17436832189559937,
        0.6488409042358398,
        1.0263490676879883,
        1.1267523765563965,
        -0.8696866035461426,
        -1.2669442892074585,
        -0.09617356956005096,
        0.07957372069358826,
        -0.34974536299705505,
        -0.7922636270523071,
        -0.22740516066551208,
        -0.04466930031776428,
        -0.7559744119644165,
        0.5105657577514648,
        0.07870708405971527,
        0.049435436725616455,
        1.154302716255188,
        0.34410983324050903,
        1.9819196462631226,
        0.1641954481601715,
        1.4048621654510498,
        0.4229784309864044,
        1.2906854152679443,
        -1.1263673305511475,
        0.01012904942035675,
        -1.178526520729065,
        -1.5385000705718994,
        -2.108708381652832,
        0.3337763845920563,
        -1.2308725118637085,
        -1.2077267169952393,
        1.1670005321502686,
        1.0668385028839111,
        -0.16759459674358368,
        -1.4664335250854492,
        -2.294314384460449,
        0.4930376410484314,
        -1.5957517623901367,
        0.9219367504119873,
        1.6248888969421387,
        2.8277974128723145,
        -0.7240593433380127,
        1.540299415588379,
        1.5456385612487793,
        0.41851890087127686,
        -1.1433684825897217,
        -1.0028488636016846,
        -0.4568781852722168,
        -0.11264797300100327,
        -0.28695642948150635,
        -0.08466175198554993,
        -1.3347731828689575,
        -0.3427475094795227,
        -0.4259001314640045,
        0.6869766712188721,
        1.1326947212219238,
        0.43796494603157043,
        0.4218681752681732,
        1.1120556592941284,
        2.209104537963867,
        0.1020306795835495,
        -1.3442245721817017,
        1.3429253101348877,
        -1.734830617904663,
        3.9764928817749023,
        -2.3636667728424072,
        -2.061765670776367,
        0.16866615414619446,
        -2.3475306034088135,
        -0.3143419921398163,
        0.057732224464416504,
        -1.224082112312317,
        5.199891090393066,
        -0.6686346530914307,
        -1.4618277549743652,
        -1.581954002380371,
        0.27403706312179565,
        1.256419062614441,
        -0.7556431889533997,
        1.9859308004379272,
        -1.292388916015625,
        1.5216491222381592,
        -0.19374489784240723,
        1.6474628448486328,
        0.117723748087883,
        0.9060148000717163,
        -0.8821003437042236,
        1.1434364318847656,
        -0.6633058190345764,
        2.256420612335205,
        -1.3014395236968994,
        -0.11138660460710526,
        0.11291614174842834,
        1.274991512298584,
        0.24142684042453766,
        -1.1335386037826538,
        2.6788411140441895,
        -3.369581699371338,
        -2.6527786254882813,
        1.321685552597046,
        2.031240463256836,
        -1.1049598455429077,
        3.6357996463775635,
        -1.8672263622283936,
        1.5484734773635864,
        -2.6156373023986816,
        0.7912323474884033,
        1.0428258180618286,
        2.2366442680358887,
        -0.9233777523040771,
        -1.4496712684631348,
        -1.6622649431228638,
        0.19125504791736603,
        -0.2207360565662384,
        1.3180689811706543,
        0.11612628400325775,
        -1.1061114072799683,
        -0.6739003658294678,
        -0.19444407522678375,
        -1.1224424839019775,
        -1.7846481800079346,
        -0.9287242293357849,
        0.7781517505645752,
        -0.7597664594650269,
        -2.010103225708008,
        -0.4804189205169678,
        -2.4811487197875977,
        -2.2525227069854736,
        0.12882137298583984,
        -0.5519915223121643,
        -0.13858836889266968,
        0.6365174055099487,
        0.4056943356990814,
        -0.6222462058067322,
        3.8668935298919678,
        -0.366149365901947,
        -0.5424114465713501,
        1.3671462535858154,
        0.3999173045158386,
        -0.6700472831726074,
        -0.6418832540512085,
        -0.7910943627357483,
        -0.7680888175964355,
        2.598452091217041,
        -2.3685309886932373,
        0.7454276084899902,
        -0.30665481090545654,
        0.009653016924858093,
        1.5783908367156982,
        0.17173272371292114,
        -0.1725693941116333,
        -0.8243725299835205,
        -0.6707097291946411,
        0.8984118700027466,
        0.8939297199249268,
        1.372849941253662,
        -1.0534543991088867,
        -0.26485544443130493,
        -1.5635566711425781,
        -0.8033788800239563,
        -0.7645013928413391,
        2.2960596084594727,
        -0.31491944193840027,
        1.2764273881912231,
        1.2059621810913086,
        -0.2577187418937683,
        0.47042810916900635,
        1.0262513160705566,
        0.5453429222106934,
        -2.2924141883850098,
        1.801277995109558,
        1.1030306816101074,
        2.5741899013519287,
        -0.9039609432220459,
        -0.7179954051971436,
        -1.9399957656860352,
        -0.36943888664245605,
        -0.6878456473350525,
        -0.29825538396835327,
        -0.3404585123062134,
        0.7326384782791138,
        -0.6023923754692078,
        -1.0851242542266846,
        1.1227856874465942,
        0.5615364909172058,
        2.4219608306884766,
        -0.5510975122451782,
        0.773446798324585,
        2.9436235427856445,
        -0.0800083726644516,
        -1.5241559743881226,
        0.7278716564178467,
        0.7820203900337219,
        -0.27530637383461,
        0.6417268514633179,
        2.5103023052215576,
        1.2690989971160889,
        1.2788738012313843,
        -1.5381155014038086,
        -0.026422038674354553,
        -1.6843352317810059,
        -0.5950289964675903
    ]
}