{
    "hidden_size": 16,
    "input_size": 11,
    "output_size": 4,
    "weights": [
        -2.270548105239868,
        -0.7353355884552002,
        -0.8113529682159424,
        -0.20641034841537476,
        0.44052889943122864,
        1.2850371599197388,
        -1.6541764736175537,
        1.0433876514434814,
        0.4628666937351227,
        0.5992897152900696,
        0.03906896710395813,
        -0.23611685633659363,
        0.6125239133834839,
        1.8367263078689575,
        -0.8321422338485718,
        0.7397094964981079,
        -0.3469950556755066,
        1.107718586921692,
        -0.6797167062759399,
        -2.037623167037964,
        0.2607741057872772,
        -1.1725422143936157,
        1.2936148643493652,
        0.30041030049324036,
        0.3470218777656555,
        0.8907344937324524,
        -0.832268476486206,
        0.39897391200065613,
        0.5849194526672363,
        -1.54217529296875,
        1.043756127357483,
        1.2841047048568726,
        0.42042475938796997,
        -2.413295269012451,
        -0.79024338722229,
        0.02225509285926819,
        -0.9049942493438721,
        0.8619509935379028,
        0.9118807911872864,
        -0.15320655703544617,
        0.8315271735191345,
        0.1698434054851532,
        0.5953117609024048,
        -1.2301325798034668,
        0.11873244494199753,
        0.06964735686779022,
        0.8604568243026733,
        0.41947606205940247,
        0.10756711661815643,
        -2.5043492317199707,
        0.23322221636772156,
        -0.3507401943206787,
        -0.2777595520019531,
        -0.05936399847269058,
        -0.028968840837478638,
        0.5111284255981445,
        -0.10202117264270782,
        0.13955971598625183,
        0.6257292032241821,
        -0.2611130475997925,
        0.5139583349227905,
        -0.1327282041311264,
        -0.7180092334747314,
        1.215667963027954,
        -0.45044824481010437,
        -0.13065004348754883,
        1.0426453351974487,
        -0.47304803133010864,
        0.024178098887205124,
        1.3770183324813843,
        -1.8341299295425415,
        0.030255459249019623,
        0.45134299993515015,
        -0.7381758093833923,
        0.0158853679895401,
        -0.09874189645051956,
        0.03389207646250725,
        -0.3532622158527374,
        0.8660045862197876,
        0.5017700791358948,
        -0.45646750926971436,
        -1.1949987411499023,
        -1.126920223236084,
        0.3289334177970886,
        -1.6207026243209839,
        -1.1689777374267578,
        -0.2667936682701111,
        -0.24349260330200195,
        0.05086082965135574,
        -0.12101306021213531,
        0.03319162130355835,
        0.07009683549404144,
        2.2720746994018555,
        0.8814793825149536,
        0.8433879017829895,
        -0.1198681890964508,
        0.9198918342590332,
        0.3246845602989197,
        1.1626180410385132,
        -1.8274726867675781,
        -0.26208436489105225,
        -0.2786947190761566,
        -0.8933456540107727,
        -1.0555403232574463,
        0.5705997347831726,
        0.10138557106256485,
        -0.30460071563720703,
        -0.17278069257736206,
        -0.23200547695159912,
        0.32230648398399353,
        0.4661770462989807,
        0.4339143633842468,
        0.4270945191383362,
        0.5246087908744812,
        0.21132266521453857,
        -0.08016246557235718,
        0.2837606370449066,
        0.39346861839294434,
        -1.3153326511383057,
        -1.169909119606018,
        -0.4529544711112976,
        0.11229564249515533,
        0.7189070582389832,
        -2.4312491416931152,
        -0.748723030090332,
        0.9496123790740967,
        2.1770284175872803,
        0.048814356327056885,
        -0.01193452998995781,
        -0.9042361974716187,
        0.5125517249107361,
        1.3495538234710693,
        0.421953946352005,
        0.9775362014770508,
        -0.39792391657829285,
        2.2268173694610596,
        1.5995841026306152,
        -1.305761694908142,
        0.45465177297592163,
        0.9823691844940186,
        0.058715060353279114,
        0.2958652377128601,
        -0.5880135893821716,
        -0.8668045997619629,
        0.39785048365592957,
        0.6281458139419556,
        -1.3797529935836792,
        0.7857260704040527,
        0.3306846022605896,
        -0.7362274527549744,
        -0.9406166076660156,
        -0.8404788374900818,
        1.0505192279815674,
        0.35626497864723206,
        0.3529295027256012,
        -0.37101292610168457,
        -1.2162975072860718,
        -0.43288034200668335,
        0.4731343388557434,
        0.22054772078990936,
        -1.1302076578140259,
        -0.0764954686164856,
        0.46380913257598877,
        -0.9397387504577637,
        0.9205324053764343,
        -0.6250334978103638,
        -0.5001729726791382,
        0.5676005482673645,
        -0.24564969539642334,
        -0.6133171319961548,
        0.8453116416931152,
        -0.06971725076436996,
        1.4877125024795532,
        0.3652919828891754,
        -0.5651662349700928,
        0.4222104549407959,
        0.8058624863624573,
        -0.8142969012260437,
        1.0612404346466064,
        -1.7749377489089966,
        -0.8126815557479858,
        0.7916697263717651,
        0.04164476692676544,
        -0.17803843319416046,
        -0.7442036867141724,
        -0.6131654381752014,
        -0.26766717433929443,
        1.0198867321014404,
        -0.11265590786933899,
        -0.6679028868675232,
        0.4021487832069397,
        -1.3446853160858154,
        -0.9301445484161377,
        0.6476106643676758,
        0.6922008395195007,
        -2.0936648845672607,
        0.32464590668678284,
        -0.3396255671977997,
        0.28614914417266846,
        1.9762789011001587,
        -0.6462191343307495,
        -1.254064917564392,
        -1.099021077156067,
        0.8300740122795105,
        -0.44497859477996826,
        0.2673766314983368,
        -0.7071826457977295,
        -0.6900930404663086,
        0.19493559002876282,
        0.14949414134025574,
        0.7147104740142822,
        -0.5147286057472229,
        -0.21472574770450592,
        -0.7616084814071655,
        -1.7690099477767944,
        0.4234883189201355,
        -0.07446702569723129,
        -1.3699932098388672,
        -0.33382824063301086,
        0.2982492744922638,
        -0.6663450002670288,
        0.7108879089355469,
        -1.176925539970398,
        -0.4935680031776428,
        -1.6946256160736084,
        -0.45700424909591675,
        -0.4939805865287781,
        -2.3071208000183105,
        1.1368869543075562,
        0.3919813632965088,
        -0.26649218797683716,
        0.3949744999408722,
        -1.6164671182632446,
        1.3903864622116089,
        0.3735290765762329,
        -0.23002682626247406,
        -1.8305009603500366,
        1.6020517349243164,
        0.2158902883529663,
        0.8538274168968201,
        0.7511524558067322,
        -0.7905662655830383,
        0.04553347826004028,
        1.5846136808395386,
        1.6002854108810425,
        -0.580939531326294,
        -1.9951704740524292,
        -0.22623081505298615,
        -0.02981230616569519,
        0.6730594635009766,
        1.866960048675537,
        -1.0969080924987793,
        0.0765005573630333,
        -0.36120590567588806,
        -0.07797528058290482,
        1.7810758352279663,
        1.5782803297042847,
        0.14634165167808533,
        0.6506496071815491,
        0.9779049158096313
    ]
}