{
    "hidden_size": 16,
    "input_size": 11,
    "output_size": 4,
    "weights": [
        -1.1832752227783203,
        -1.4798868894577026,
        -2.6599040031433105,
        0.5730526447296143,
        -2.5654704570770264,
        1.5786898136138916,
        -5.018159866333008,
        -0.2224450707435608,
        -2.2018611431121826,
        0.5139497518539429,
        -1.6512165069580078,
        -5.707943916320801,
        -2.777139902114868,
        0.9669843912124634,
        -0.9829879999160767,
        -3.5665504932403564,
        -2.0953006744384766,
        0.10723638534545898,
        -0.3499659597873688,
        -1.6091502904891968,
        -0.07012017071247101,
        2.0752367973327637,
        -0.06604734063148499,
        -0.18433773517608643,
        -1.5637118816375732,
        -0.6398613452911377,
        -0.15558922290802002,
        2.2720985412597656,
        1.5377827882766724,
        0.22081205248832703,
        0.7703298926353455,
        1.4683319330215454,
        0.5115905404090881,
        -2.297499656677246,
        -0.03064752370119095,
        2.976195812225342,
        0.5298891067504883,
        -0.36149144172668457,
        -1.0101209878921509,
        3.369727849960327,
        -1.5676063299179077,
        -0.9200116991996765,
        -1.9894490242004395,
        -0.257933109998703,
        -0.6088970899581909,
        2.82787823677063,
        0.46743470430374146,
        1.0294123888015747,
        -0.47729945182800293,
        3.3314828872680664,
        0.2950196862220764,
        -1.3328230381011963,
        2.446018695831299,
        -1.7455774545669556,
        -0.37392711639404297,
        -2.52732515335083,
        -0.7964000105857849,
        -3.0132851600646973,
        0.4570189118385315,
        0.8346174955368042,
        0.7059793472290039,
        1.4367451667785645,
        -0.6852686405181885,
        -1.3736743927001953,
        -0.1416824609041214,
        -0.7193374037742615,
        0.5782667398452759,
        -0.07604657113552094,
        -0.8428130745887756,
        2.114901065826416,
        -2.035773515701294,
        2.066441535949707,
        2.2959728240966797,
        -0.007699340581893921,
        0.3201596736907959,
        -0.9793243408203125,
        1.4724839925765991,
        0.650446355342865,
        1.8136557340621948,
        1.2948188781738281,
        1.4366164207458496,
        0.25432297587394714,
        0.48919677734375,
        0.9887865781784058,
        -0.5505813360214233,
        -1.6238577365875244,
        1.9945400953292847,
        -3.638216257095337,
        -0.3094896078109741,
        2.834240436553955,
        3.048046588897705,
        2.7081422805786133,
        -2.4395785331726074,
        -0.8799936771392822,
        -1.9528664350509644,
        -2.7440690994262695,
        1.5162261724472046,
        1.6413369178771973,
        3.487394332885742,
        -3.29655385017395,
        0.09259284287691116,
        1.6555335521697998,
        0.5753030180931091,
        0.02508637309074402,
        -0.625633180141449,
        2.5164172649383545,
        4.32395076751709,
        0.7812490463256836,
        -0.8211358785629272,
        -2.503006935119629,
        1.0718683004379272,
        -1.8557454347610474,
        2.836650848388672,
        3.0832347869873047,
        0.8339025974273682,
        1.6817644834518433,
        0.7901475429534912,
        0.9824769496917725,
        0.6407774686813354,
        -2.6021225452423096,
        1.3762179613113403,
        -0.706382691860199,
        4.573011875152588,
        -3.3419604301452637,
        -1.6413357257843018,
        0.7612152695655823,
        -1.9556399583816528,
        -0.24867990612983704,
        0.31286898255348206,
        -2.183925151824951,
        5.858031749725342,
        -0.7353771328926086,
        -0.14490948617458344,
        -0.6225683093070984,
        0.8391323685646057,
        1.7631616592407227,
        2.052067995071411,
        2.7261085510253906,
        -0.7322579622268677,
        0.576377272605896,
        -3.3637356758117676,
        3.140096664428711,
        -0.5056413412094116,
        -0.6099392175674438,
        0.4930948317050934,
        0.8278518915176392,
        -1.4114899635314941,
        3.3000662326812744,
        0.07776879519224167,
        -0.3258940279483795,
        -0.32463687658309937,
        2.9402382373809814,
        1.3073232173919678,
        0.4967679977416992,
        3.137268543243408,
        -1.9080469608306885,
        -4.580066204071045,
        0.522651195526123,
        3.8181958198547363,
        -1.8574445247650146,
        3.1337668895721436,
        -0.3455981910228729,
        1.3247853517532349,
        -4.436742305755615,
        -0.7596044540405273,
        2.0956838130950928,
        4.540821075439453,
        -1.097571611404419,
        -3.8042306900024414,
        -0.4972032308578491,
        0.23998457193374634,
        -0.6524876952171326,
        1.5921565294265747,
        2.7937636375427246,
        -2.025747776031494,
        -1.3967030048370361,
        0.37138697504997253,
        -2.472437620162964,
        1.497277855873108,
        -2.1298089027404785,
        1.5447115898132324,
        -1.1547870635986328,
        -4.111693382263184,
        -1.053945779800415,
        -2.848968505859375,
        -3.29056453704834,
        0.6504625082015991,
        0.2716712951660156,
        -1.9074690341949463,
        1.1820162534713745,
        -0.0892452597618103,
        -0.02138194441795349,
        4.563660144805908,
        -0.9272884726524353,
        -0.40895575284957886,
        0.1041049212217331,
        3.183312177658081,
        -2.0565414428710938,
        -0.024094726890325546,
        -1.474231243133545,
        0.5537973046302795,
        2.8292346000671387,
        -2.0433733463287354,
        -0.7704989910125732,
        1.7784711122512817,
        0.6487841606140137,
        1.3805972337722778,
        1.6129977703094482,
        -0.6986134648323059,
        -1.8973948955535889,
        1.3277783393859863,
        1.982130527496338,
        2.417313814163208,
        2.262673854827881,
        1.5795108079910278,
        1.4252533912658691,
        0.809300422668457,
        -1.9553682804107666,
        -0.709570586681366,
        1.5838103294372559,
        -1.223154902458191,
        2.481337785720825,
        0.9021579623222351,
        2.650470733642578,
        3.1968095302581787,
        1.6219074726104736,
        -0.26263031363487244,
        -5.896175384521484,
        4.756743431091309,
        1.6702396869659424,
        2.897265672683716,
        -2.639082908630371,
        -2.5037412643432617,
        -1.3579015731811523,
        -0.012757658958435059,
        -3.630282402038574,
        -3.1724658012390137,
        -0.9639014005661011,
        2.4810080528259277,
        0.11363431811332703,
        1.256177544593811,
        1.6658692359924316,
        1.164312720298767,
        3.5948078632354736,
        0.12063807994127274,
        1.2217364311218262,
        4.959194660186768,
        -0.8008902072906494,
        -3.3113510608673096,
        0.7581393122673035,
        1.1754038333892822,
        -1.6253623962402344,
        0.38762399554252625,
        2.6340889930725098,
        -1.7178984880447388,
        -0.17539767920970917,
        1.7435123920440674,
        -1.2791695594787598,
        -2.84199857711792,
        -2.3393142223358154
    ]
}