{
    "hidden_size": 16,
    "input_size": 11,
    "output_size": 4,
    "weights": [
        -0.5104734897613525,
        1.2857547998428345,
        5.953365325927734,
        -6.15178108215332,
        -7.127534866333008,
        -9.316630363464355,
        -4.995763778686523,
        12.267532348632813,
        22.401031494140625,
        -4.266233444213867,
        -12.646693229675293,
        -1.6317863464355469,
        -11.984588623046875,
        -0.01556551456451416,
        10.154489517211914,
        0.7784605026245117,
        2.8600070476531982,
        3.8038852214813232,
        6.472332000732422,
        -4.659604072570801,
        2.5060441493988037,
        6.8072829246521,
        4.499760627746582,
        6.9234113693237305,
        -5.4293212890625,
        -12.99471378326416,
        0.7067443132400513,
        -1.2148375511169434,
        2.872925281524658,
        -5.50531005859375,
        3.412216901779175,
        0.9869322776794434,
        0.8851226568222046,
        -4.073482990264893,
        8.105182647705078,
        7.857485294342041,
        2.13627028465271,
        8.234960556030273,
        5.9602370262146,
        -2.96936297416687,
        10.778411865234375,
        -8.41872501373291,
        -4.336078643798828,
        2.786362886428833,
        -2.401662826538086,
        -2.712247848510742,
        -6.174792289733887,
        0.42792826890945435,
        15.194049835205078,
        10.330785751342773,
        2.5816562175750732,
        0.8802007436752319,
        3.710256338119507,
        10.141409873962402,
        14.898763656616211,
        13.617483139038086,
        1.2587286233901978,
        -6.778601169586182,
        -0.36074328422546387,
        -7.141619682312012,
        4.526309013366699,
        -9.6461763381958,
        -6.230415344238281,
        5.288114070892334,
        2.660761594772339,
        -23.37476348876953,
        2.9332940578460693,
        -3.884479522705078,
        -14.510753631591797,
        -7.081619739532471,
        5.1770734786987305,
        13.89332389831543,
        6.714611053466797,
        -11.176267623901367,
        -4.74022912979126,
        11.985248565673828,
        1.5519167184829712,
        5.081900596618652,
        -6.537149906158447,
        -6.666618347167969,
        4.658268451690674,
        0.7786659002304077,
        0.05972740799188614,
        8.96139144897461,
        -3.7120370864868164,
        6.193309783935547,
        1.9212061166763306,
        -0.11890412867069244,
        3.719902753829956,
        1.2894574403762817,
        13.221794128417969,
        6.7663068771362305,
        -10.540688514709473,
        -6.620537757873535,
        -4.5767502784729,
        -13.323932647705078,
        1.0657987594604492,
        -4.123615264892578,
        -11.189778327941895,
        -13.874455451965332,
        -9.889395713806152,
        -12.229598999023438,
        -6.039947032928467,
        5.7474870681762695,
        -8.26854419708252,
        -8.53445053100586,
        -13.312024116516113,
        -16.20987319946289,
        0.679912805557251,
        -7.6850481033325195,
        -10.439069747924805,
        5.9277544021606445,
        -1.3279423713684082,
        1.0333753824234009,
        1.6021039485931396,
        1.1274397373199463,
        -5.774521827697754,
        -5.016234397888184,
        -0.11772054433822632,
        3.966707468032837,
        3.5053839683532715,
        -7.637119293212891,
        1.1569643020629883,
        17.786684036254883,
        -0.13572049140930176,
        5.027415752410889,
        -12.138274192810059,
        3.884280204772949,
        -1.9832719564437866,
        10.198522567749023,
        -7.794723987579346,
        -2.3356401920318604,
        -1.4851007461547852,
        9.279120445251465,
        -4.418095111846924,
        -10.499876022338867,
        -3.6475424766540527,
        1.8160443305969238,
        2.728950023651123,
        -11.260334968566895,
        -4.0624494552612305,
        -5.036170959472656,
        -10.12040901184082,
        -5.501042366027832,
        5.8303399085998535,
        2.1633553504943848,
        2.305591583251953,
        0.710272490978241,
        17.812841415405273,
        -1.8664698600769043,
        -13.92874813079834,
        2.962864875793457,
        0.7784249782562256,
        -4.830137729644775,
        5.338109493255615,
        -5.786201000213623,
        -2.1225473880767822,
        5.619139194488525,
        -3.63616681098938,
        -8.828044891357422,
        6.038186550140381,
        5.625679016113281,
        -16.532169342041016,
        1.1221708059310913,
        -2.225409746170044,
        11.008825302124023,
        14.843927383422852,
        8.036019325256348,
        -8.053018569946289,
        5.766797065734863,
        -3.1917977333068848,
        -8.867409706115723,
        1.10993230342865,
        7.959781646728516,
        -8.036238670349121,
        3.954698085784912,
        0.4149402379989624,
        3.621324300765991,
        9.038335800170898,
        3.5931248664855957,
        -9.951543807983398,
        -5.7193603515625,
        7.115042209625244,
        2.4636733531951904,
        -9.592427253723145,
        7.8118510246276855,
        11.777274131774902,
        -0.6203870177268982,
        -11.75517749786377,
        3.6798226833343506,
        -2.3418917655944824,
        -1.8078044652938843,
        6.59012508392334,
        -4.719204425811768,
        6.011112689971924,
        3.7759556770324707,
        -13.639639854431152,
        -0.5286012887954712,
        -8.301261901855469,
        -0.6537880897521973,
        3.018380641937256,
        -2.822147846221924,
        -6.250584125518799,
        1.8891494274139404,
        11.643238067626953,
        7.688384056091309,
        -2.936530113220215,
        -11.397339820861816,
        -17.243560791015625,
        -11.73589038848877,
        8.955206871032715,
        1.971925139427185,
        1.9472657442092896,
        -14.994863510131836,
        0.5545535683631897,
        22.931299209594727,
        6.712554931640625,
        -12.931039810180664,
        1.572465181350708,
        7.380919456481934,
        5.325930595397949,
        -8.099675178527832,
        11.421735763549805,
        -11.628690719604492,
        -8.511728286743164,
        -1.2250330448150635,
        4.4703369140625,
        -8.849799156188965,
        2.68552827835083,
        0.2926270067691803,
        0.03636696934700012,
        -2.810333490371704,
        14.621603012084961,
        0.3788345754146576,
        2.3899612426757813,
        -16.617237091064453,
        0.06381887942552567,
        -16.02277946472168,
        1.3339946269989014,
        -0.7667773962020874,
        0.1886371225118637,
        0.9237189888954163,
        -14.173251152038574,
        3.235214948654175,
        -1.050475001335144,
        -9.26026439666748,
        -1.2643660306930542,
        -4.192056179046631,
        10.425368309020996,
        1.3305882215499878,
        -1.8562803268432617,
        -1.0847089290618896,
        0.3130738139152527,
        -4.272014617919922,
        0.3842514157295227,
        0.4419578015804291,
        -13.472946166992188,
        5.043529987335205,
        -11.017412185668945,
        -8.047468185424805
    ]
}